player_name,Team,Season,Position,Minutes,Dribbling,Fouling,Interrupting,Passing,Receiving,Shooting,Goals Added,goals_added_per_90
Axel Kei,RSL,2023,ST,12,0.03,0,0,-0.01,0.04,0.1,0.14,1.05
Juninho,ORL,2023,DM,3,0.01,0,0.01,0,0,0.01,0.03,0.9
Nicolas Firmino,ATL,2023,DM,11,-0.01,0,0,-0.03,0.07,0.04,0.08,0.6545454545
Alejandro Granados Torres,ORL,2023,W,2,0,0,0,-0.01,0,0.02,0.01,0.45
Robbie Robinson,MIA,2023,W,383,1.09,0.01,-0.02,-0.22,0.2,0.41,1.48,0.3477806789
Yekeson Subah,LAFC,2023,W,24,0.11,0,0.01,0,-0.01,-0.01,0.09,0.3375
Lionel Messi,MIA,2023,ST,409,0.28,0.2,-0.1,0.56,0.22,0.29,1.44,0.3168704156
Filip Yavorov Krastev,LAFC,2023,CM,207,0.19,-0.01,0.16,0.05,0.12,0.15,0.66,0.2869565217
Selmir Pidro,STL,2023,FB,53,0.03,-0.02,0.03,0.13,-0.01,-0.01,0.15,0.2547169811
Julian Hall,NYRB,2023,ST,18,-0.01,0,0.09,0.01,-0.02,-0.01,0.05,0.25
Tani Oluwaseyi,MIN,2023,W,22,0,0,0,0.01,0.05,0,0.06,0.2454545455
Gerardo Valenzuela,CIN,2023,AM,15,0,0,0.1,-0.03,-0.01,-0.01,0.04,0.24
Paul Gindiri,RSL,2023,ST,39,-0.08,0,-0.01,0.01,0.16,0.02,0.1,0.2307692308
Cameron Cilley,SJE,2023,ST,8,0.01,0,0.04,-0.03,0,0,0.02,0.225
Cucho Hernández,CLB,2023,ST,2628,1.34,0.28,0.32,0.93,0.94,2.33,6.13,0.2099315068
Kayden Pierre,SKC,2023,FB,13,0,0.02,-0.01,0.02,0,0,0.03,0.2076923077
Chris Rindov,SKC,2023,CB,13,0,0,0.02,0.01,0,0,0.03,0.2076923077
Isaiah Parente,CLB,2023,ST,81,0.04,-0.01,0.07,-0.03,0.04,0.05,0.18,0.2
Matthew Nocita,NYRB,2023,CB,32,0,0,0.05,0,0.02,0.01,0.07,0.196875
Cristian Olivera,LAFC,2023,W,661,0.03,0.2,0.16,0.02,0.78,0.24,1.43,0.1947049924
Emanuel Reynoso,MIN,2023,AM,1478,0.91,0.4,0.05,1.48,-0.05,0.22,3.01,0.1832882273
Brian White,VAN,2023,ST,2804,-0.24,0.18,-0.02,-0.92,5.69,0.98,5.66,0.1816690442
Monsef Bakrar,NYC,2023,ST,807,0.4,0.14,-0.03,0.09,0.95,0.03,1.57,0.1750929368
Riqui Puig,LAG,2023,CM,2807,2.14,0.39,-0.37,2.33,-0.05,0.93,5.37,0.1721767011
Thiago Almada,ATL,2023,AM,3052,2.04,-0.02,-0.37,3.31,-0.5,1.02,5.49,0.1618938401
Aaron-Salem Boupendza,CIN,2023,ST,669,0.71,-0.01,-0.03,-0.51,0.71,0.29,1.17,0.1573991031
Héctor Herrera,HOU,2023,CM,2833,0.63,0.3,0.48,1.58,0.82,0.76,4.57,0.1451817861
Luciano Acosta,CIN,2023,AM,2876,0.41,0.83,0.08,3.04,-0.21,0.29,4.44,0.1389429764
Gadi Kinda,SKC,2023,CM,962,0.23,0.55,-0.24,0.34,0.56,0.04,1.48,0.1384615385
Tega Ikoba,POR,2023,ST,104,-0.01,-0.02,0,-0.03,0.19,0.03,0.16,0.1384615385
Ousman Jabang,MTL,2023,CB,86,-0.02,-0.07,0.03,0.03,0.13,0.03,0.13,0.1360465116
Denis Bouanga,LAFC,2023,W,2815,1.67,0.48,-0.18,-0.98,1.57,1.64,4.2,0.1342806394
Bongokuhle Hlongwane,MIN,2023,W,2716,0.16,-0.06,0.38,-0.58,3.36,0.79,4.04,0.1338733432
Emmanuel Iwe,MIN,2023,W,69,0.12,0,-0.04,-0.07,0.03,0.05,0.1,0.1304347826
Alex Monis,CHI,2023,W,14,0.03,0,0.01,0,-0.01,-0.01,0.02,0.1285714286
Henry Kessler,NER,2023,CB,755,-0.09,0.04,0.89,0.06,0.11,0.06,1.07,0.1275496689
Lazar Stefanovic,TOR,2023,CB,86,-0.02,0.01,0.15,0.01,-0.02,-0.01,0.12,0.1255813953
Jean Mota,MIA,2023,DM,1028,0.16,0.01,0.77,0.6,-0.24,0.1,1.39,0.121692607
Gastón Brugman,LAG,2023,DM,2102,0.71,0.03,1.13,1.13,-0.37,0.1,2.74,0.1173168411
Bernard Kamungo,FCD,2023,W,574,0.11,-0.03,-0.08,-0.06,0.51,0.29,0.74,0.1160278746
Cory Burke,NYRB,2023,ST,1129,0.19,-0.08,0.19,0.46,0.84,-0.21,1.38,0.1100088574
Moise Bombito,COL,2023,CB,823,0.68,0.01,0.16,0.1,0.05,0.01,1,0.1093560146
Carles Gil,NER,2023,AM,2886,1.26,0.22,0.35,1.67,-0.53,0.42,3.39,0.1057172557
Célio Pompeu,STL,2023,W,1121,1.29,-0.04,0.52,0.17,-0.66,0.03,1.31,0.1051739518
Christian Benteke,DCU,2023,ST,3134,0.38,-0.04,0.01,-0.57,3.04,0.8,3.62,0.103956605
Ali Ahmed,VAN,2023,CM,1280,0.29,0.17,0.47,-0.06,0.36,0.21,1.45,0.101953125
Mamadou Fall,LAFC,2023,CB,106,0.03,0.01,-0.12,0.12,0.06,0,0.12,0.1018867925
Pablo Bonilla,POR,2023,FB,83,0,-0.01,0.13,-0.01,-0.01,-0.01,0.09,0.09759036145
Santiago Arias,CIN,2023,FB,1830,0.81,0.4,0.07,-0.06,0.44,0.3,1.97,0.0968852459
Kai Wagner,PHI,2023,FB,2744,-0.09,0.37,1.57,1.52,-0.33,-0.12,2.92,0.09577259475
Cristian Roldan,SEA,2023,W,1354,0.16,0.11,0.4,0.4,0.17,0.17,1.41,0.09372230428
Jacen Russel-Rowe,CLB,2023,ST,651,-0.26,-0.09,-0.2,0.08,1.03,0.09,0.66,0.09124423963
Damian Rivera,NER,2023,W,217,0.3,-0.02,0.07,-0.12,-0.06,0.04,0.22,0.09124423963
Douglas Costa,LAG,2023,W,1342,1.17,-0.16,-0.22,0.56,-0.21,0.2,1.34,0.08986587183
Maya Yoshida,LAG,2023,CB,1209,-0.03,0.13,0.74,0.23,0.05,0.05,1.17,0.08709677419
Déiber Caicedo,VAN,2023,CM,283,0.09,0.25,-0.03,-0.22,0.18,0.01,0.27,0.08586572438
Daniel Aguirre,LAG,2023,W,707,-0.43,0.03,0.12,-0.13,0.86,0.23,0.67,0.08528995757
Gino Vivi,LAG,2023,W,96,0.01,0.25,-0.02,-0.06,-0.05,-0.04,0.09,0.084375
Asier Illarramendi,FCD,2023,DM,785,0.1,0.03,0.86,0.12,-0.22,-0.16,0.72,0.0825477707
Jimmy Medranda,CLB,2023,FB,154,-0.18,-0.02,0.18,-0.03,0.17,0.01,0.14,0.08181818182
Richie Laryea,"TOR, VAN",2023,FB,2798,0.68,1.58,0.53,-1.07,0.64,0.11,2.48,0.07977126519
Ismael Tajouri-Shradi,MIN,2023,W,395,0.34,-0.05,-0.39,0.33,-0.08,0.2,0.35,0.07974683544
Jacob Shaffelburg,NSH,2023,W,1461,0.83,0.66,-0.19,0.13,-0.32,0.18,1.29,0.0794661191
Pablo Ruiz,RSL,2023,CM,1507,-0.04,-0.25,0.81,1.22,-0.47,0.06,1.32,0.07883211679
Cassius Mailula,TOR,2023,W,80,-0.18,0.02,0.02,-0.06,0.18,0.09,0.07,0.07875
Walker Zimmerman,NSH,2023,CB,2065,0.28,0.06,1.09,-0.22,0.34,0.22,1.78,0.07757869249
Devin Padelford,MIN,2023,FB,187,0.02,0.01,-0.08,0,0.17,0.04,0.16,0.07700534759
Giovanni Aguilar,VAN,2023,DM,12,-0.01,0,0.03,-0.01,0,0,0.01,0.075
Álvaro Barreal,CIN,2023,FB,3112,-0.34,0.61,0.26,0.42,0.65,0.96,2.56,0.07403598972
Andrés Perea,"PHI, NYC",2023,DM,1055,-0.04,0.03,0.07,-0.44,0.85,0.39,0.86,0.07336492891
Sergio Busquets,MIA,2023,DM,1037,0.14,-0.13,0.89,0.26,-0.16,-0.17,0.82,0.07116682739
Franck Boli,POR,2023,ST,1589,-0.38,-0.1,0,0.5,0.79,0.42,1.22,0.06910006293
Matt Hedges,"TOR, ATX",2023,CB,1518,0.06,0.15,0.96,0.07,-0.04,-0.03,1.16,0.06877470356
Carlos Akapo,SJE,2023,FB,2384,0.29,0.12,0.74,0.04,0.37,0.23,1.78,0.06719798658
Jean-Claude Ngando,VAN,2023,CM,123,0.09,-0.02,0.08,0,-0.04,-0.03,0.09,0.06585365854
Joel Waterman,MTL,2023,CB,2599,0.06,0.11,1.2,1.14,-0.51,-0.13,1.87,0.06475567526
Michael Boxall,MIN,2023,CB,3134,0.04,0.24,1.75,-0.27,0.55,-0.06,2.24,0.06432673899
Lassi Lappalainen,MTL,2023,FB,1127,0.57,0.19,-0.06,0,0.04,0.05,0.8,0.06388642413
Ibrahim Sunusi,MTL,2023,ST,1282,-0.02,-0.09,-0.29,-0.5,1.66,0.15,0.91,0.06388455538
Maximiliano Morález,NYC,2023,AM,346,-0.05,0,0.12,0.1,0.03,0.03,0.24,0.06242774566
Steven Moreira,CLB,2023,CB,3266,0.82,0.38,0.38,1.47,-0.54,-0.27,2.25,0.06200244948
Georgios Giakoumakis,ATL,2023,ST,1933,-1.45,-0.12,0.16,-0.78,2.99,0.51,1.32,0.06145887222
Maxime Chanot,NYC,2023,CB,1924,-0.05,0.19,0.29,0.28,0.56,0.05,1.31,0.06127858628
Andrew Gutman,"ATL, COL",2023,FB,2656,0.18,0.18,0.77,-0.36,0.63,0.4,1.8,0.0609939759
Jackson Ragen,SEA,2023,CB,3152,0.3,0.14,0.33,1.35,0.01,-0.02,2.11,0.06024746193
Rodrigues,SJE,2023,CB,3348,0.58,-0.17,1.12,0.16,0.46,0.06,2.21,0.05940860215
Saba Lobzhanidze,ATL,2023,W,503,0.15,-0.05,0.03,-0.1,0.17,0.13,0.33,0.05904572565
Lucas Zelarayán,CLB,2023,AM,1892,0.53,0.09,-0.35,0.54,-0.18,0.61,1.24,0.05898520085
Hany Mukhtar,NSH,2023,ST,3147,1.04,-0.03,-0.13,0.52,-0.29,0.94,2.06,0.05891325071
Theodore Ku-Dipietro,DCU,2023,W,1335,0.45,0.07,0.18,-0.23,0.12,0.27,0.87,0.05865168539
Claudio Bravo,POR,2023,FB,2552,0.3,-0.38,0.86,1.14,-0.36,0.1,1.66,0.05854231975
Andrew Brody,RSL,2023,FB,2506,0.69,0.11,1.13,-0.24,0.1,-0.18,1.62,0.05818036712
Jordi Alba,MIA,2023,FB,480,-0.05,0.03,0.01,0.01,0.31,-0.01,0.31,0.058125
Matt Miazga,CIN,2023,CB,2679,0.24,-0.12,0.12,1.07,0.31,0.07,1.71,0.05744680851
Julián Fernández,NYC,2023,W,364,0.16,-0.04,-0.02,0.11,-0.12,0.15,0.23,0.05686813187
Jeremy Rafanello,PHI,2023,AM,16,0.02,0,0.01,-0.01,-0.01,-0.01,0.01,0.05625
Bret Halsey,CIN,2023,FB,278,0.19,0.01,-0.06,-0.04,0.01,0.05,0.17,0.05503597122
Brayan Vera,RSL,2023,CB,2249,-0.01,-0.18,1.22,0.56,-0.41,0.17,1.35,0.05402401067
Alejandro Bedoya,PHI,2023,CM,2204,0.26,-0.03,-0.23,0,1.21,0.12,1.32,0.05390199637
Zachary Brault-Guillard,MTL,2023,FB,1434,-0.21,0.07,0.29,-0.31,0.89,0.12,0.85,0.05334728033
Ryan Gauld,VAN,2023,ST,2896,-0.42,-0.07,0.24,1.63,0.24,0.08,1.7,0.05283149171
Robin Jansson,ORL,2023,CB,3221,0.02,0.37,1.88,0.46,-0.47,-0.36,1.89,0.05280968643
Julio Cascante,ATX,2023,CB,2296,0.06,-0.06,-0.18,0.06,0.91,0.54,1.33,0.05213414634
Mathías Laborda,VAN,2023,CB,1694,0.1,-0.06,0.23,-0.14,0.72,0.12,0.98,0.0520661157
Andreu Fontàs,SKC,2023,CB,2648,0.5,0.08,-0.3,1.44,-0.32,0.11,1.52,0.05166163142
Erik Sviatchenko,HOU,2023,CB,1509,0,0.06,0.45,0.09,0.07,0.2,0.86,0.05129224652
Lorenzo Insigne,TOR,2023,W,1654,0.59,-0.13,0.19,-0.16,-0.12,0.57,0.94,0.05114873035
Ryan Hollingshead,LAFC,2023,FB,2629,-0.06,-0.51,0.69,0.33,0.97,0.07,1.49,0.05100798783
Preston Judd,LAG,2023,ST,730,-0.21,-0.08,0.03,-0.12,0.53,0.27,0.41,0.05054794521
Jesús David Murillo,LAFC,2023,CB,1603,0.03,0.12,0.49,0.04,0.17,0.06,0.9,0.05053025577
Carlos Vela,LAFC,2023,ST,2277,-0.86,0.5,-0.05,1.62,0.23,-0.18,1.27,0.05019762846
Dylan Borrero,NER,2023,W,546,-0.09,-0.03,0.38,0.08,-0.08,0.04,0.3,0.04945054945
Tristan Muyumba Nkita,ATL,2023,DM,872,-0.07,-0.01,0.36,-0.4,0.59,0,0.47,0.04850917431
Amet Korca,FCD,2023,CB,167,0,0.02,0.19,-0.05,-0.04,-0.02,0.09,0.04850299401
Sebastián Driussi,ATX,2023,AM,2549,-0.19,0.02,0.2,0.41,0.38,0.54,1.36,0.04801883091
Julian Gressel,"CLB, VAN",2023,CM,2316,-0.13,0.04,0.1,0.63,0.22,0.37,1.23,0.04779792746
Sam Surridge,NSH,2023,ST,550,0.25,-0.07,-0.08,0.06,0.09,0.04,0.29,0.04745454545
Eduard Löwen,STL,2023,CM,2563,-0.34,-0.01,0.8,0.56,-0.25,0.57,1.33,0.04670308233
Robin Lod,MIN,2023,AM,977,-0.07,-0.05,-0.14,0.53,0.12,0.1,0.5,0.0460593654
Aimé Mabika,TOR,2023,CB,1661,0.15,0.15,0.86,-0.26,0.06,-0.1,0.85,0.04605659241
Cody Baker,SEA,2023,FB,782,-0.04,0.04,0.3,0.2,0,-0.09,0.4,0.04603580563
João Paulo,SEA,2023,DM,2663,0.52,-0.03,0.5,0.88,-0.39,-0.13,1.36,0.0459631994
Sofiane Djeffal,ATX,2023,CM,353,-0.06,0.01,0.31,0.15,-0.12,-0.09,0.18,0.04589235127
Justen Glad,RSL,2023,CB,2982,-0.13,0.12,0.34,0.84,0.15,0.16,1.48,0.04466800805
Juan Mosquera,POR,2023,FB,2658,0.52,0.13,-0.27,0.33,0.45,0.13,1.29,0.04367945824
César Araujo,ORL,2023,DM,3033,-0.09,0.3,0.6,0.86,-0.12,-0.1,1.46,0.04332344214
Amine Bassi,HOU,2023,AM,2169,0.15,-0.13,0.61,1.29,-0.67,-0.23,1.02,0.04232365145
José Cifuentes,LAFC,2023,CM,1526,-0.43,0.25,-0.11,0.36,0.5,0.15,0.71,0.04187418087
Chris Donovan,PHI,2023,ST,496,0.56,-0.05,0.03,0.18,-0.39,-0.11,0.23,0.04173387097
Héber,SEA,2023,ST,1204,-0.24,-0.11,-0.24,-0.6,1.39,0.34,0.55,0.04111295681
David Ayala,POR,2023,CM,176,0.02,0,0.06,-0.09,0.03,0.05,0.08,0.04090909091
Klauss,STL,2023,ST,1456,-0.17,-0.09,0.78,-0.17,0.09,0.22,0.66,0.0407967033
Johnny Russell,SKC,2023,W,1829,0.93,-0.08,0.37,-0.16,-0.47,0.22,0.82,0.04034991799
Brendan Hines-Ike,DCU,2023,CB,1049,0.12,0.1,0.65,-0.25,-0.13,-0.02,0.47,0.04032411821
Brandon Bye,NER,2023,FB,1832,-0.03,0.06,0.55,-0.03,0.3,-0.04,0.82,0.04028384279
Jakob Glesnes,PHI,2023,CB,3152,0.39,-0.12,0.62,0.79,-0.32,0.04,1.41,0.04026015228
Gabriel Pereira,NYC,2023,W,1706,0,-0.06,-0.24,1.11,-0.55,0.5,0.76,0.04009378664
Kyle Duncan,NYRB,2023,FB,2074,0.02,-0.08,0.76,0.18,0.1,-0.06,0.92,0.03992285439
Giorgio Chiellini,LAFC,2023,CB,1514,0.22,0.16,-0.24,0.73,-0.28,0.07,0.67,0.03982826948
Maximilian Arfsten,CLB,2023,FB,341,0.18,0.05,-0.15,-0.2,0.19,0.09,0.15,0.03958944282
Xande Silva,ATL,2023,W,687,0.6,-0.08,-0.19,0.16,-0.18,0,0.3,0.03930131004
Tristan Blackmon,VAN,2023,CB,2827,-0.02,0.28,0.85,-0.25,0.22,0.15,1.23,0.03915811815
Zac McGraw,POR,2023,CB,2710,0,0.31,0.86,-0.65,0.51,0.14,1.17,0.03885608856
Jordan Morris,SEA,2023,W,2186,-0.79,-0.12,-0.33,-1.34,3.32,0.19,0.93,0.03828911253
Santiago Moreno,POR,2023,W,2516,0.03,-0.58,0.68,0.81,0.11,0.03,1.07,0.03827503975
Graham Zusi,SKC,2023,FB,970,-0.11,0.07,0.04,0.69,-0.22,-0.06,0.41,0.03804123711
Felipe Hernandez,SKC,2023,CM,379,-0.11,0.03,-0.09,-0.07,0.26,0.13,0.16,0.03799472296
Lukas MacNaughton,"TOR, NSH",2023,CB,1407,-0.47,0.32,0.7,-0.15,0.15,0.03,0.59,0.03773987207
Dave Romney,NER,2023,CB,3365,-0.23,0.41,1.37,0.24,-0.3,-0.1,1.39,0.03717682021
Paul Marie,SJE,2023,FB,2249,-0.17,-0.1,1.03,-0.22,0.15,0.24,0.92,0.03681636283
Yuya Kubo,CIN,2023,CM,1239,0.67,-0.1,0.18,0.07,-0.39,0.07,0.5,0.03631961259
Andrew Farrell,NER,2023,CB,2133,-0.26,-0.33,1.77,0.37,-0.44,-0.26,0.86,0.03628691983
Martín Ojeda,ORL,2023,W,1960,-0.65,0.07,0.15,0.43,0.45,0.33,0.78,0.03581632653
Andres Gomez,RSL,2023,W,1564,-0.72,-0.19,0.44,1.18,-0.2,0.11,0.62,0.03567774936
Hassani Dotson,MIN,2023,DM,2814,0.09,0.58,0.22,-0.08,0.01,0.28,1.1,0.03518123667
Carlos Terán,CHI,2023,CB,1772,-0.19,0.29,1.36,-0.63,-0.13,-0.01,0.69,0.03504514673
Antônio Carlos,ORL,2023,CB,1579,0.08,0.01,0.45,-0.09,-0.04,0.2,0.61,0.03476884104
Miles Robinson,ATL,2023,CB,2659,0.05,0.2,0.17,0.52,0.14,-0.06,1.02,0.03452425724
Malte Amundsen,CLB,2023,CB,2098,-0.17,0,0.86,0.08,-0.04,0.06,0.79,0.03388941849
Griffin Dorsey,HOU,2023,FB,1173,0.37,0.27,0.08,-0.04,-0.23,-0.02,0.44,0.03375959079
Luquinhas,NYRB,2023,W,2191,0.71,0.43,0.23,0.5,-0.9,-0.17,0.8,0.03286170698
Kamal Miller,"MIA, MTL",2023,CB,2562,0.16,0.23,0.83,0.49,-0.52,-0.28,0.92,0.03231850117
Keegan Rosenberry,COL,2023,FB,2489,-0.13,0.41,0.83,-0.27,0.04,0.01,0.89,0.03218159904
Dejan Joveljic,LAG,2023,ST,1830,-0.59,-0.17,-0.01,-0.53,1.61,0.34,0.65,0.03196721311
Paul Arriola,FCD,2023,W,1806,-0.27,-0.13,-0.05,0.64,0.6,-0.16,0.63,0.03139534884
Éric Davis,DCU,2023,FB,605,-0.3,0.04,0.01,0.28,0.18,0,0.21,0.03123966942
Nkosi Burgess,FCD,2023,CB,2779,-0.21,0.22,0.41,0.33,0.16,0.06,0.96,0.03109032026
Anthony Markanich,"COL, STL",2023,FB,1129,0.14,-0.18,-0.1,0.14,0.2,0.18,0.39,0.0310894597
Jefferson Savarino,RSL,2023,W,2105,0.14,-0.04,-0.79,0.54,0.42,0.45,0.72,0.03078384798
John Tolkin,NYRB,2023,FB,2663,-0.48,0.5,-0.16,0.65,0.05,0.33,0.9,0.03041682313
Thiago Martins,NYC,2023,CB,2458,0.33,-0.06,0.52,0.43,-0.24,-0.15,0.82,0.03002441009
Maren Haile-Selassie,CHI,2023,W,2131,0.02,-0.13,0.62,-0.33,0.61,-0.08,0.71,0.0299859221
Jack Lynn,ORL,2023,ST,61,0.09,0.01,0.04,-0.09,-0.03,0,0.02,0.02950819672
Keaton Parks,NYC,2023,CM,2793,0.14,-0.09,-0.4,0.21,0.74,0.27,0.87,0.02803437164
Ryan Raposo,VAN,2023,FB,1479,0.44,0.09,0.08,-0.35,-0.05,0.25,0.46,0.02799188641
Frankie Amaya,NYRB,2023,CM,2141,0.29,0.05,-0.08,0.22,-0.03,0.21,0.66,0.02774404484
Erik Holt,RSL,2023,CB,65,0,0,-0.02,0.05,-0.01,-0.01,0.02,0.02769230769
Hassan Ndam,NYRB,2023,CB,786,0,0.04,0.29,-0.02,-0.11,0.04,0.24,0.02748091603
Mark Delgado,LAG,2023,CM,2571,-0.08,0.01,0.44,0.63,-0.09,-0.13,0.78,0.02730455076
Calegari,LAG,2023,FB,2114,0.22,0.19,0.5,-0.31,0.05,-0.02,0.63,0.02682119205
Ruan,DCU,2023,FB,1579,0.5,0.13,-0.03,-0.15,0.08,-0.07,0.47,0.02678910703
Cristian Cásseres Jr,NYRB,2023,CM,1637,0.08,0.03,-0.14,0.78,-0.41,0.14,0.48,0.02638973732
Erik Thommy,SKC,2023,CM,2791,0.84,0.37,-0.13,-1.49,0.16,1.05,0.81,0.02611967037
Stipe Biuk,LAFC,2023,W,1554,1.14,-0.07,0,-0.19,-0.38,-0.06,0.44,0.02548262548
Rudy Camacho,"MTL, CLB",2023,CB,2649,0.13,0.02,0.26,0.75,-0.32,-0.12,0.72,0.02446206116
Cameron Harper,NYRB,2023,FB,2396,0.56,0.03,0.21,-0.2,-0.13,0.18,0.64,0.02404006678
Gustavo Vallecilla,CLB,2023,CB,940,0.07,0.04,0.3,-0.06,-0.08,-0.04,0.25,0.02393617021
Christian Makoun,NER,2023,CB,541,0.03,0,0.2,-0.03,-0.09,0.03,0.14,0.02329020333
Leo Väisänen,ATX,2023,CB,1975,-0.04,-0.06,-0.06,0.25,0.36,0.04,0.51,0.02324050633
Felipe Mora,POR,2023,ST,904,0.04,-0.05,-0.02,-0.33,0.33,0.25,0.23,0.02289823009
Michael Bradley,TOR,2023,DM,1584,-0.13,0.03,0.92,-0.16,-0.16,-0.11,0.4,0.02272727273
Rafael Santos,ORL,2023,FB,2216,-0.13,0.25,0.2,0.24,-0.2,0.18,0.55,0.02233754513
Brooks Lennon,ATL,2023,FB,3236,0.27,0.29,0.89,-1.27,0.61,0.01,0.8,0.02224969098
Cristhian Paredes,POR,2023,DM,2100,-0.4,-0.1,0.44,0,0.48,0.09,0.51,0.02185714286
Jack McGlynn,PHI,2023,CM,1854,0.25,-0.06,-0.19,0.91,-0.52,0.07,0.45,0.02184466019
Franco Negri,MIA,2023,FB,1470,0.4,0.01,-0.04,-0.08,-0.05,0.12,0.35,0.02142857143
Zan Kolmanic,ATX,2023,FB,464,0.23,0.03,0.02,-0.14,-0.07,0.04,0.11,0.0213362069
Gregore,MIA,2023,DM,423,0.01,-0.03,0.25,0.02,-0.09,-0.05,0.1,0.02127659574
Tomás Chancalay,NER,2023,W,932,0.28,-0.05,-0.01,-0.12,-0.44,0.56,0.22,0.02124463519
Sergio Córdova,VAN,2023,ST,955,0.93,0.2,-0.21,-0.46,-0.2,-0.05,0.22,0.02073298429
Ranko Veselinovic,VAN,2023,CB,3151,0.17,0.28,0.46,-0.2,0.1,-0.11,0.71,0.02027927642
Osvaldo Alonso,ATL,2023,DM,139,0,0.01,-0.03,0.1,-0.03,-0.03,0.03,0.01942446043
Miguel Trauco,SJE,2023,FB,2204,-0.07,-0.3,-0.04,1.08,-0.39,0.17,0.46,0.01878402904
Larrys Mabiala,POR,2023,CB,1014,0.01,-0.03,0.27,0,0,-0.04,0.21,0.01863905325
Dominique Badji,CIN,2023,ST,1043,0.39,0.37,-0.1,-0.09,-0.22,-0.14,0.21,0.01812080537
Ben Bender,CLT,2023,CM,997,0.02,-0.08,-0.03,-0.28,0.47,0.12,0.2,0.01805416249
Nathan Ordaz,LAFC,2023,ST,356,-0.1,0,-0.08,-0.06,0.4,-0.1,0.07,0.01769662921
Tim Leibold,SKC,2023,FB,974,0.24,0.06,-0.27,0.11,-0.01,0.06,0.19,0.01755646817
Aziel Jackson,STL,2023,AM,1235,-0.5,0.5,-0.04,0.62,-0.31,-0.02,0.24,0.01748987854
Diego Rubio,COL,2023,AM,1184,0.06,0.09,-0.2,0.11,0.17,-0.01,0.22,0.01672297297
Jack Elliott,PHI,2023,CB,3150,-0.14,-0.07,-0.11,0.23,0.4,0.25,0.55,0.01571428571
Jack Skahan,SJE,2023,W,409,-0.21,0.22,-0.09,-0.04,0.22,-0.02,0.07,0.01540342298
Matheus Rossetto,ATL,2023,DM,2032,-0.11,0.28,0.12,0.11,-0.01,-0.06,0.34,0.01505905512
Mario González,LAFC,2023,ST,419,0.08,-0.06,-0.18,0.01,0.27,-0.04,0.07,0.01503579952
Tomás Avilés,MIA,2023,CB,972,-0.12,0.22,0.17,-0.11,-0.07,0.08,0.16,0.01481481481
DeJuan Jones,NER,2023,FB,2385,0.52,0.09,0.22,-0.34,-0.1,0,0.39,0.01471698113
Jalen Neal,LAG,2023,CB,1431,0.06,0.02,0.29,0.1,-0.16,-0.09,0.23,0.01446540881
Tate Schmitt,HOU,2023,FB,441,0.04,0,-0.13,-0.05,0.16,0.04,0.07,0.01428571429
Alonso Coello,TOR,2023,DM,1408,0.11,-0.28,0.63,0.38,-0.37,-0.24,0.22,0.0140625
Michael Barrios,"LAG, COL",2023,W,1090,-0.02,0.18,0.09,-0.2,0.07,0.05,0.17,0.01403669725
Matt Real,PHI,2023,FB,583,-0.04,-0.03,0.24,-0.06,0.04,-0.06,0.09,0.01389365352
Julián Carranza,PHI,2023,ST,2764,-0.07,0.13,0.26,-0.29,0.09,0.29,0.42,0.01367583213
Rafael Czichos,CHI,2023,CB,2819,0.16,-0.14,0.22,-0.26,0.24,0.2,0.41,0.01308974814
Leonardo Campana,MIA,2023,ST,1809,-0.41,0.26,0.14,0.04,0.19,0.04,0.26,0.01293532338
Diego Palacios,LAFC,2023,FB,2707,-0.17,-0.17,0.74,0.1,0.03,-0.15,0.38,0.01263391208
Andrés Reyes,NYRB,2023,CB,2685,0.02,-0.51,0.02,0.14,0.53,0.17,0.37,0.01240223464
Andy Najar,DCU,2023,FB,1256,0.28,0.04,-0.24,0.14,-0.09,0.03,0.16,0.01146496815
Eriq Zavaleta,LAG,2023,CB,571,0.36,0.04,-0.31,-0.13,0.02,0.08,0.07,0.01103327496
Daniel Lovitz,NSH,2023,FB,3132,-0.18,-0.4,0.11,1.34,-0.44,-0.05,0.38,0.01091954023
Sean Zawadzki,CLB,2023,CB,1804,0.09,0.14,0.5,-0.1,-0.4,-0.02,0.21,0.0104767184
Teenage Hadebe,HOU,2023,CB,1154,-0.07,-0.15,0.79,-0.13,-0.21,-0.09,0.13,0.01013864818
Adalberto Carrasquilla,HOU,2023,W,2243,0.61,0.22,-0.23,0.54,-0.82,-0.07,0.25,0.0100312082
Will Bruin,ATX,2023,ST,449,-0.03,-0.05,0.01,-0.11,0.33,-0.09,0.05,0.01002227171
Nouhou Tolo,SEA,2023,FB,2239,0.39,0.04,0.37,-0.19,-0.26,-0.11,0.24,0.009647163912
Víctor Vázquez,TOR,2023,W,297,-0.13,-0.01,0.16,0.18,-0.12,-0.05,0.03,0.009090909091
Billy Sharp,LAG,2023,ST,798,-0.45,-0.14,-0.08,0.08,0.4,0.28,0.08,0.009022556391
Mender García,MIN,2023,ST,1152,-1.18,-0.16,-0.11,0.02,1.51,0.03,0.11,0.00859375
Jaylin Lindsey,CLT,2023,FB,1472,-0.11,-0.24,-0.2,0.61,0.11,-0.04,0.14,0.008559782609
Tommy McNamara,NER,2023,DM,214,0.04,0,0.12,0.01,-0.08,-0.06,0.02,0.008411214953
Raheem Edwards,LAG,2023,FB,2064,0.64,0.18,0.3,-0.98,-0.06,0.1,0.19,0.008284883721
Facundo Quignón,FCD,2023,DM,2132,-0.16,0.03,0.41,-0.1,-0.06,0.06,0.19,0.008020637899
Leo Chú,SEA,2023,W,2196,0.14,-0.26,-0.31,0.65,0.05,-0.07,0.19,0.007786885246
Samuel Adekugbe,VAN,2023,FB,467,-0.05,0.01,-0.04,0,0.13,-0.02,0.04,0.007708779443
Mikael Uhre,PHI,2023,ST,2348,-1,0.37,-0.15,0.11,0.53,0.34,0.2,0.007666098807
Brecht Dejaegere,CLT,2023,W,536,-0.17,-0.22,-0.04,0.11,0.31,0.05,0.04,0.00671641791
Kelvin Leerdam,LAG,2023,FB,1361,-0.05,0.02,0.39,0.12,-0.27,-0.11,0.1,0.006612784717
Fernando Alvarez,MTL,2023,CB,276,0,0.01,0.05,-0.03,-0.02,0.02,0.02,0.00652173913
Max,COL,2023,AM,725,-0.38,-0.03,0.59,-0.26,0.09,0.03,0.05,0.006206896552
Jonathan Perez,LAG,2023,FB,147,0.12,-0.05,-0.07,-0.1,0.02,0.09,0.01,0.00612244898
Kwadwo Opoku,"LAFC, MTL",2023,ST,2280,-0.87,0.08,0.13,0.05,0.94,-0.19,0.15,0.005921052632
Duncan McGuire,ORL,2023,ST,1535,-0.15,-0.18,0.03,-0.13,0.45,0.08,0.1,0.005863192182
Pedro Vite,VAN,2023,CM,2357,-0.39,-0.08,0.48,1.34,-0.81,-0.38,0.15,0.005727619856
Adrián Cubas,VAN,2023,DM,2371,-0.12,-0.13,1,0.5,-0.68,-0.42,0.15,0.005693800084
Facundo Torres,ORL,2023,W,2609,-0.48,0.04,-0.01,-0.62,1,0.22,0.16,0.005519356075
Edwin Mosquera,ATL,2023,W,514,0.27,0,-0.06,-0.05,-0.14,0,0.03,0.005252918288
Nigel Robertha,DCU,2023,ST,365,0.13,-0.03,-0.09,-0.3,0.27,0.05,0.02,0.004931506849
Logan Ndenbe,SKC,2023,FB,1698,0.65,-0.14,0.3,-0.57,-0.12,-0.04,0.09,0.004770318021
Bobby Wood,NER,2023,ST,1613,-0.72,0.12,0.22,0.09,0.58,-0.22,0.08,0.004463732176
Ian Harkes,NER,2023,DM,653,0.01,0.04,0.09,-0.31,0.21,0.01,0.03,0.004134762634
Yaw Yeboah,CLB,2023,FB,2216,0.19,0.44,-0.28,-0.76,0.29,0.21,0.1,0.004061371841
Jules-Anthony Vilsaint,MTL,2023,ST,467,-0.27,-0.08,0.04,0.16,0.22,-0.04,0.02,0.003854389722
Evander,POR,2023,AM,2409,0.31,-0.28,-0.5,0.59,-0.42,0.4,0.1,0.003735990037
Dániel Sallói,SKC,2023,W,3140,-0.43,-0.11,-0.14,-0.14,0.65,0.27,0.11,0.003152866242
Danny Wilson,COL,2023,CB,2560,-0.23,-0.05,-0.23,0.32,0.08,0.19,0.08,0.0028125
Cole Bassett,COL,2023,AM,2065,0.15,-0.21,-0.16,-0.14,0.38,0.05,0.06,0.002615012107
Braian Cufré,NYC,2023,FB,2072,-0.58,0.26,0.59,-0.61,0.21,0.19,0.06,0.002606177606
Brian Gutierrez,CHI,2023,W,2610,-0.58,0.33,0,0.29,0.37,-0.33,0.07,0.002413793103
Omir Fernandez,NYRB,2023,W,1933,-0.02,0.17,0.24,-0.38,-0.1,0.14,0.05,0.002327987584
Wyatt Omsberg,CHI,2023,CB,801,-0.11,0.05,0.33,-0.03,-0.12,-0.09,0.02,0.002247191011
Timothy Tillman,LAFC,2023,CM,1820,0.02,0.38,-0.23,0.07,-0.09,-0.12,0.04,0.001978021978
Tim Parker,STL,2023,CB,2849,-0.01,0.17,0.03,-0.05,-0.07,-0.03,0.05,0.00157950158
Roger Espinoza,SKC,2023,CM,847,0.06,-0.02,-0.11,0.22,-0.14,0,0.01,0.00106257379
Gastón Giménez,CHI,2023,DM,2440,0.04,-0.09,0.43,0.02,-0.36,-0.04,0.01,0.000368852459
Yerson Mosquera,CIN,2023,CB,2526,-0.43,0.16,-0.23,-0.08,0.47,0.12,0.01,0.0003562945368
Christopher McVey,MIA,2023,CB,1376,0.05,0.12,0.74,-0.46,-0.29,-0.15,0,0
Favian Loyola,ORL,2023,AM,7,0.01,0,0,0.01,-0.01,0,0,0
Jayden Reid,NYRB,2023,W,2,0.01,0,0,0,0,0,0,0
Keegan Hughes,CLB,2023,CB,4,0,0,0,0,0,0,0,0
Missael Rodriguez,CHI,2023,W,20,0,0,0.03,0,-0.02,-0.01,0,0
Alexander Freeman,ORL,2023,FB,2,0,0,0,0,0,0,0,0
Eugene Ansah,FCD,2023,W,230,-0.08,-0.04,0.05,-0.3,0.22,0.14,0,0
Alex Roldan,SEA,2023,FB,2667,-0.57,0.14,0.16,0.05,0.09,0.11,-0.03,-0.001012373453
Mauricio Pineda,CHI,2023,CB,1756,-0.17,0.1,0.42,-0.21,-0.14,-0.03,-0.02,-0.001025056948
Cristian Arango,RSL,2023,ST,808,-0.23,-0.08,-0.11,0.38,-0.1,0.13,-0.01,-0.001113861386
Rubio Rubín,RSL,2023,ST,1425,-0.25,-0.18,-0.21,0.05,0.79,-0.22,-0.02,-0.001263157895
Teemu Pukki,MIN,2023,ST,1105,-0.17,-0.14,0.06,0.3,-0.54,0.49,-0.02,-0.001628959276
Dante Vanzeir,NYRB,2023,ST,845,-0.18,-0.11,-0.14,0.17,0.3,-0.07,-0.02,-0.002130177515
Jesús Jiménez,FCD,2023,ST,794,0.15,-0.14,-0.19,-0.09,0.24,0,-0.02,-0.002267002519
Kelyn Rowe,SEA,2023,FB,392,-0.05,-0.02,-0.13,0.25,-0.01,-0.06,-0.01,-0.002295918367
Ronald Hernández,ATL,2023,FB,783,0.01,0.04,0.14,-0.03,-0.19,0.01,-0.02,-0.002298850575
José Andrés Martínez,PHI,2023,DM,2020,-0.13,-0.11,0.52,0.12,-0.47,0,-0.06,-0.002673267327
Joakim Nilsson,STL,2023,CB,644,-0.13,0.08,0.31,-0.07,-0.15,-0.07,-0.02,-0.002795031056
Derrick Williams,DCU,2023,CB,2074,-0.1,0.16,-0.04,-0.22,0.15,-0.04,-0.07,-0.003037608486
Ousmane Doumbia,CHI,2023,DM,880,-0.06,-0.01,0.35,-0.05,-0.18,-0.08,-0.03,-0.003068181818
Diego Rossi,CLB,2023,AM,855,-0.28,0.21,-0.06,-0.49,0.42,0.17,-0.03,-0.003157894737
Jesús Ferreira,FCD,2023,ST,2505,0.11,-0.29,0.18,0.46,-0.68,0.11,-0.1,-0.003592814371
Nuno Santos,CLT,2023,CM,244,-0.04,-0.04,-0.07,0.04,0.07,0.03,-0.01,-0.00368852459
Indiana Vassilev,STL,2023,CM,2328,0.67,0.59,-0.39,-0.31,-0.65,0,-0.1,-0.003865979381
Jáder Obrian,FCD,2023,W,2091,0.74,0.01,-0.05,-0.68,0.3,-0.43,-0.09,-0.00387374462
Nicholas Gioacchini,STL,2023,ST,2294,-0.82,0.09,0.14,-0.47,1.11,-0.15,-0.1,-0.003923278117
Wil Trapp,MIN,2023,DM,2640,-0.01,-0.03,-0.12,1.06,-0.78,-0.24,-0.12,-0.004090909091
Dagur Dan Thórhallsson,ORL,2023,FB,1413,0.22,0.25,-0.29,-0.26,0.13,-0.12,-0.07,-0.004458598726
Chris Mueller,CHI,2023,W,789,-0.81,0.19,0.09,-0.1,0.61,-0.04,-0.04,-0.004562737643
Lucas Bartlett,STL,2023,CB,1180,0,-0.01,-0.06,-0.15,0.09,0.06,-0.06,-0.004576271186
Milos Degenek,CLB,2023,CB,981,0.09,-0.15,0.13,0.12,-0.15,-0.09,-0.05,-0.004587155963
Brandon Cambridge,CLT,2023,W,189,0.02,0.05,-0.05,-0.14,0.02,0.1,-0.01,-0.004761904762
Jackson Yueill,SJE,2023,CM,3008,-0.51,0.05,-0.42,1.2,-0.39,-0.09,-0.17,-0.00508643617
Dante Sealy,FCD,2023,W,349,0.15,-0.05,-0.01,-0.16,0.14,-0.1,-0.02,-0.005157593123
Ilie Sánchez,LAFC,2023,DM,2837,0.11,0.13,0.13,0.31,-0.47,-0.38,-0.18,-0.005710257314
D.J. Taylor,MIN,2023,FB,2758,-0.09,0.08,0.09,-0.05,-0.19,-0.05,-0.2,-0.006526468455
Alexandru Matan,CLB,2023,AM,2487,0.88,0.16,-0.26,0.29,-0.88,-0.4,-0.21,-0.007599517491
Eryk Williamson,POR,2023,CM,592,0.12,0.01,0.07,-0.1,-0.05,-0.1,-0.05,-0.007601351351
Mathieu Choinière,MTL,2023,CM,2661,-0.03,0.19,0.15,-0.51,-0.24,0.2,-0.24,-0.008117249154
Lewis Morgan,NYRB,2023,W,329,-0.04,-0.01,-0.01,-0.11,0.05,0.09,-0.03,-0.00820668693
Xavier Arreaga,SEA,2023,CB,434,0.05,-0.01,-0.19,0.14,-0.05,0.03,-0.04,-0.008294930876
Artur,HOU,2023,DM,3036,-0.35,-0.26,1.4,-0.12,-0.74,-0.22,-0.28,-0.008300395257
Tanner Beason,SJE,2023,CB,1587,0.14,0.12,0.7,-0.87,-0.14,-0.1,-0.15,-0.008506616257
Jasper Löeffelsend,RSL,2023,CM,1228,0.14,-0.07,0.76,-0.59,-0.27,-0.1,-0.12,-0.008794788274
Antony,POR,2023,W,304,-0.09,0,-0.11,-0.14,0.32,0,-0.03,-0.008881578947
Kervin Arriaga,MIN,2023,DM,1313,-0.33,-0.01,0.07,0.33,-0.17,-0.01,-0.13,-0.008910891089
Aidan Morris,CLB,2023,CM,2861,0.01,0.02,0.48,-0.04,-0.65,-0.11,-0.29,-0.009122684376
Brad Smith,HOU,2023,FB,587,-0.16,-0.02,0.03,0.04,0.02,0.03,-0.06,-0.009199318569
Connor Ronan,COL,2023,CM,3101,-0.11,0.04,-0.56,1.34,-0.75,-0.28,-0.32,-0.009287326669
Diego Luna,RSL,2023,W,1317,0.12,-0.12,0.2,0.09,-0.55,0.13,-0.14,-0.009567198178
Israel Boatwright,MIA,2023,FB,91,0.03,0.03,0.01,-0.09,0,0.01,-0.01,-0.00989010989
Olivier Mbaizo,PHI,2023,FB,2054,0.46,0.34,-0.44,-0.35,-0.21,-0.04,-0.23,-0.01007789679
Cristian Espinoza,SJE,2023,W,3368,0.13,-0.15,0.11,0.19,-0.36,-0.32,-0.39,-0.0104216152
Bryan Oviedo,RSL,2023,FB,1990,-0.24,0.01,0.58,0.06,-0.53,-0.11,-0.24,-0.01085427136
Mateusz Bogusz,LAFC,2023,CM,1918,0.41,-0.02,-0.08,0.06,-0.79,0.17,-0.24,-0.01126173097
Njabulo Blom,STL,2023,DM,2116,-0.27,0.04,1.14,-0.36,-0.58,-0.24,-0.28,-0.01190926276
Daniel Aceves,CHI,2023,FB,979,-0.11,0.01,0.62,-0.19,-0.28,-0.18,-0.13,-0.01195097038
Jared Stroud,STL,2023,W,2143,-0.41,-0.1,0.79,-0.37,-0.29,0.09,-0.29,-0.01217918805
Robert Castellanos,SKC,2023,CB,809,-0.05,-0.18,0.16,0,-0.01,-0.03,-0.11,-0.01223733004
Steve Birnbaum,DCU,2023,CB,1825,0.13,0.17,-0.54,-0.66,0.47,0.19,-0.25,-0.01232876712
Jan Gregus,"MIN, NSH",2023,DM,1303,0.16,0.04,-0.21,0.31,-0.39,-0.1,-0.18,-0.01243284728
Daniel Edelman,NYRB,2023,CM,2041,-0.04,0.09,0.29,0.16,-0.57,-0.23,-0.29,-0.01278784909
Sebastian Berhalter,VAN,2023,DM,1469,-0.01,-0.07,-0.02,0.25,-0.27,-0.08,-0.21,-0.01286589517
Geovane,FCD,2023,FB,1094,-0.07,0.08,-0.2,0.05,-0.05,0.04,-0.16,-0.01316270567
Sam Nicholson,COL,2023,FB,1612,0.07,-0.05,0.48,-0.46,-0.15,-0.13,-0.25,-0.01395781638
Kobe Franklin,TOR,2023,FB,2377,-0.5,0.06,0.62,-0.41,-0.14,0.01,-0.37,-0.01400925536
Rodrigo Schlegel,ORL,2023,CB,2224,0.24,-0.12,0.17,-0.22,-0.28,-0.14,-0.35,-0.01416366906
Zarek Valentin,MIN,2023,FB,1457,-0.08,0.03,-0.12,0.49,-0.34,-0.2,-0.23,-0.01420727522
Matt Polster,NER,2023,DM,2991,-0.43,0.24,0.16,-0.23,-0.16,-0.05,-0.48,-0.01444332999
José Antonio Martínez,FCD,2023,CB,1615,0.12,0.15,-0.79,0.4,-0.06,-0.09,-0.26,-0.01448916409
Michael Halliday,ORL,2023,FB,975,-0.25,0.01,0.34,-0.3,0.15,-0.11,-0.16,-0.01476923077
Gyasi Zardes,ATX,2023,ST,1610,0.29,-0.16,0.13,0,-0.12,-0.4,-0.27,-0.0150931677
Kamil Jozwiak,CLT,2023,W,1550,0.36,0.42,-0.36,-0.26,-0.03,-0.39,-0.26,-0.01509677419
Nnamdi Chinonso Offor,MTL,2023,ST,1715,-0.47,-0.13,-0.06,-0.85,1.64,-0.42,-0.29,-0.01521865889
Obinna Nwobodo,CIN,2023,CM,2872,0.09,-0.18,1.2,-0.28,-0.9,-0.42,-0.49,-0.0153551532
Bryan Acosta,"COL, POR",2023,CM,1750,0.09,-0.01,-0.25,0.46,-0.44,-0.14,-0.3,-0.01542857143
Albert Rusnák,SEA,2023,DM,2890,-0.12,-0.22,-0.53,-0.11,-0.15,0.64,-0.5,-0.01557093426
Jere Uronen,CLT,2023,FB,687,-0.06,0,0,0.06,-0.05,-0.06,-0.12,-0.01572052402
Fafa Picault,NSH,2023,W,1753,-0.35,-0.06,0.29,-0.41,0.25,-0.03,-0.31,-0.0159155733
Brandon Vázquez,CIN,2023,ST,2632,-0.31,-0.15,-0.26,-0.34,0.58,0.01,-0.47,-0.01607142857
Jon Gallagher,ATX,2023,FB,3102,-0.1,0.47,-0.49,-1.33,0.61,0.3,-0.56,-0.01624758221
Mitja Ilenic,NYC,2023,FB,1324,-0.1,0.08,0.24,-0.31,-0.11,-0.04,-0.24,-0.0163141994
Uri Rosell,LAG,2023,DM,937,-0.15,0.02,0.34,-0.15,-0.12,-0.1,-0.17,-0.01632870864
Luiz Araújo,ATL,2023,W,1390,0.17,0.15,-0.23,-0.05,-0.48,0.18,-0.26,-0.01683453237
Fabian Herbers,CHI,2023,DM,2172,-0.38,-0.33,0.36,-0.18,0.1,0.02,-0.41,-0.01698895028
Sebastien Ibeagha,FCD,2023,CB,2661,-0.33,0.14,0.04,-0.12,-0.22,-0.01,-0.51,-0.01724915445
Tommy Thompson,SJE,2023,W,468,-0.06,0.01,0.04,-0.13,-0.03,0.09,-0.09,-0.01730769231
John Nelson,STL,2023,FB,1397,0.01,0.33,-0.45,0.08,-0.19,-0.04,-0.27,-0.01739441661
Shanyder Borgelin,MIA,2023,ST,205,-0.43,-0.02,0.02,-0.05,0.34,0.1,-0.04,-0.01756097561
Sergi Palencia,LAFC,2023,FB,1418,-0.09,0.02,-0.36,0.29,-0.09,-0.05,-0.28,-0.01777150917
Ashley Westwood,CLT,2023,CM,2823,-0.67,0.33,0.02,0.29,-0.18,-0.34,-0.56,-0.0178533475
Gabriele Corbo,MTL,2023,CB,2497,0.02,-0.05,0.05,0.04,-0.5,-0.07,-0.5,-0.01802162595
Júnior Moreno,CIN,2023,CM,2467,-0.34,0.07,1.04,0,-0.86,-0.4,-0.5,-0.01824077827
Aleksandar Radovanovic,ATX,2023,CB,391,0.02,0.04,-0.21,0.1,-0.02,-0.01,-0.08,-0.01841432225
Giacomo Vrioni,NER,2023,ST,1437,0.56,-0.07,-0.14,-0.43,-0.44,0.22,-0.3,-0.01878914405
Yeimar Gómez Andrade,SEA,2023,CB,3208,-0.26,-0.07,-0.5,0.23,-0.07,0.02,-0.67,-0.0187967581
Chicharito,LAG,2023,ST,751,-0.2,-0.13,-0.08,-0.33,0.55,0.03,-0.16,-0.01917443409
Ariel Lassiter,"MIA, MTL",2023,FB,1915,-0.03,0.05,-0.39,-0.73,0.09,0.6,-0.41,-0.0192689295
Chris Mavinga,LAG,2023,CB,1256,0.11,-0.14,0.29,-0.51,-0.02,-0.01,-0.27,-0.01934713376
Alex Gersbach,COL,2023,FB,276,-0.02,-0.04,0.18,-0.13,-0.05,0,-0.06,-0.01956521739
Ethan Bristow,MIN,2023,FB,588,0,0.04,0.05,-0.08,-0.08,-0.07,-0.13,-0.01989795918
Shaq Moore,NSH,2023,FB,3062,-0.33,0.11,0.78,-0.85,-0.21,-0.19,-0.68,-0.01998693664
Federico Bernardeschi,TOR,2023,W,2834,0.28,-0.24,-0.02,-0.31,-0.79,0.44,-0.63,-0.02000705716
Iván Angulo,ORL,2023,W,2712,0.07,-0.31,0.03,0.11,-0.41,-0.11,-0.61,-0.02024336283
Mauricio Pereyra,ORL,2023,AM,2278,-0.25,-0.12,0.22,0.76,-0.52,-0.62,-0.52,-0.02054433714
Talles Magno,NYC,2023,W,2122,-0.98,0,-0.17,-0.11,0.65,0.11,-0.49,-0.02078228087
Jairo Torres,CHI,2023,W,863,-0.03,0.04,-0.09,-0.42,0.15,0.16,-0.2,-0.02085747393
Abdi Salim,ORL,2023,CB,172,-0.03,0.02,0.12,-0.09,-0.03,-0.02,-0.04,-0.02093023256
Donovan Pines,DCU,2023,CB,2082,0.08,0.17,-0.35,-0.78,0.15,0.24,-0.49,-0.0211815562
Iván Franco,HOU,2023,W,1242,-0.08,-0.05,-0.29,-0.68,0.59,0.21,-0.3,-0.02173913043
Emmanuel Boateng,NER,2023,W,1594,0.07,-0.13,-0.01,-0.08,-0.12,-0.12,-0.39,-0.02202007528
Xherdan Shaqiri,CHI,2023,AM,2280,-0.75,-0.08,-0.27,1.92,-0.96,-0.41,-0.56,-0.02210526316
Aaron Herrera,MTL,2023,FB,1554,-0.16,0.06,-0.06,-0.17,-0.02,-0.04,-0.39,-0.02258687259
Shane O'Neill,TOR,2023,CB,1023,-0.08,-0.11,0.32,-0.12,-0.18,-0.1,-0.26,-0.02287390029
Sergii Kryvstov,MIA,2023,CB,2352,0.33,0.18,-0.92,0.33,-0.4,-0.14,-0.61,-0.02334183673
Lewis O'Brien,DCU,2023,CM,1686,-0.05,0.03,0.02,-0.16,-0.13,-0.16,-0.44,-0.02348754448
Tyler Boyd,LAG,2023,W,2515,-0.32,0.03,-0.47,-0.03,-0.23,0.36,-0.66,-0.02361829026
Kyle Smith,ORL,2023,FB,1651,-0.13,-0.24,0.07,0.09,-0.23,0,-0.44,-0.02398546336
Daniel Steres,HOU,2023,FB,2095,-0.41,-0.24,-0.31,0.49,0.09,-0.17,-0.56,-0.02405727924
Patrick Agyemang,CLT,2023,ST,259,-0.13,-0.01,-0.03,-0.06,0.15,0.01,-0.07,-0.02432432432
Diego Chara,POR,2023,DM,2848,-0.39,-0.09,0.8,0.15,-0.7,-0.53,-0.77,-0.02433286517
Miguel Tapias,MIN,2023,CB,3136,0.14,0.01,-0.38,-0.16,-0.38,-0.08,-0.85,-0.02439413265
Pedro Santos,DCU,2023,FB,1652,-0.39,-0.19,0.18,0.13,-0.17,-0.01,-0.45,-0.0245157385
Tayvon Gray,NYC,2023,FB,2295,0.14,-0.23,0.4,-0.31,-0.46,-0.17,-0.63,-0.02470588235
Victor Pálsson,DCU,2023,CB,1782,0.11,0.15,-0.57,-0.03,-0.15,0.02,-0.49,-0.02474747475
Kei Kamara,CHI,2023,ST,1695,0.01,-0.21,-0.07,-0.45,0.37,-0.11,-0.47,-0.02495575221
Karol Swiderski,CLT,2023,ST,2662,-0.79,-0.32,-0.15,-0.6,0.57,0.53,-0.76,-0.02569496619
Tyler Wolff,ATL,2023,W,732,-0.21,-0.09,0,-0.16,0.18,0.06,-0.21,-0.02581967213
Ian Murphy,CIN,2023,CB,1701,0.02,0.06,0.08,-0.23,-0.25,-0.16,-0.49,-0.02592592593
Kemar Lawrence,MIN,2023,FB,1220,-0.18,0.06,-0.13,0.01,-0.05,-0.07,-0.36,-0.02655737705
Sergio Santos,CIN,2023,ST,1049,-0.6,-0.06,0.15,-0.79,0.82,0.17,-0.31,-0.02659675882
Dax McCarty,NSH,2023,DM,2055,-0.08,-0.14,0.6,-0.38,-0.34,-0.27,-0.61,-0.02671532847
Cameron Dunbar,MIN,2023,W,132,-0.09,0.01,0.05,0.07,-0.08,0,-0.04,-0.02727272727
Felipe Gutiérrez,SKC,2023,CM,330,-0.06,-0.01,-0.02,0.13,-0.14,-0.01,-0.1,-0.02727272727
Remi Walter,SKC,2023,CM,3035,0.13,0.34,-0.18,-0.72,-0.27,-0.23,-0.92,-0.02728171334
Javain Brown,VAN,2023,FB,1938,0.06,-0.16,-0.58,-0.26,0.16,0.18,-0.61,-0.02832817337
Kyle Hiebert,STL,2023,FB,2379,-0.09,-0.6,0.41,-0.5,0.05,-0.01,-0.75,-0.02837326608
Joseph Mora,CLT,2023,FB,221,-0.03,0,0.08,-0.07,-0.01,-0.03,-0.07,-0.02850678733
Nathan Harriel,PHI,2023,FB,1890,0.08,0.02,0.1,-0.78,-0.09,0.06,-0.6,-0.02857142857
Joshua Bolma,NER,2023,DM,31,0.02,0,0.03,-0.06,-0.01,0,-0.01,-0.02903225806
Samuel Piette,MTL,2023,CM,1198,-0.17,-0.01,0.46,-0.08,-0.34,-0.25,-0.39,-0.02929883139
Raoul Petretta,TOR,2023,FB,1894,-0.21,-0.19,0.03,-0.19,0,-0.07,-0.63,-0.02993664203
Niko Tsakiris,SJE,2023,CM,689,0.23,0.04,0.05,-0.42,-0.11,-0.03,-0.23,-0.03004354136
Kellyn Acosta,LAFC,2023,CM,1658,-0.22,0,0.09,0.23,-0.46,-0.19,-0.56,-0.03039806996
Alessandro Schöpf,VAN,2023,CM,1906,-0.28,0.07,-0.03,-0.66,0.13,0.11,-0.65,-0.03069254984
Steven Beitashour,COL,2023,FB,671,-0.1,0.01,0.16,-0.13,-0.1,-0.08,-0.23,-0.03084947839
Luis Abram,ATL,2023,CB,1654,0.15,-0.13,0.33,-0.26,-0.47,-0.19,-0.57,-0.03101571947
Róbert Orri Thorkelsson,MTL,2023,CB,261,0.01,-0.01,0.12,0.01,-0.15,-0.07,-0.09,-0.03103448276
Josh Bauer,NSH,2023,CB,578,-0.02,-0.03,0.05,-0.09,-0.04,-0.08,-0.2,-0.03114186851
Aníbal Godoy,NSH,2023,CM,1816,-0.02,-0.31,0.18,0.17,-0.35,-0.3,-0.63,-0.03122246696
Scott Arfield,CLT,2023,CM,505,0.05,-0.02,-0.13,-0.1,-0.17,0.19,-0.18,-0.03207920792
Alexander Ring,ATX,2023,CB,2397,-0.36,-0.02,-0.4,-0.07,0.04,-0.05,-0.86,-0.03229036295
David Junior Hoilett,VAN,2023,ST,278,0.06,-0.01,0.03,0.13,-0.27,-0.05,-0.1,-0.03237410072
Isak Jensen,STL,2023,W,194,0,0,0.08,-0.1,-0.13,0.08,-0.07,-0.0324742268
Gabriel Pirani,DCU,2023,AM,913,-0.06,-0.01,0.05,-0.53,0.15,0.07,-0.33,-0.03253012048
Jonathan Mensah,SJE,2023,CB,2209,-0.16,-0.13,-0.35,-0.04,-0.2,0.07,-0.81,-0.03300135808
Santiago Rodríguez,NYC,2023,AM,2883,-0.54,0.19,0.22,0.81,-1.22,-0.52,-1.06,-0.0330905307
Mateusz Klich,DCU,2023,CM,3025,-1.16,-0.06,-0.18,1.26,-0.86,-0.13,-1.12,-0.03332231405
Ramiro Enrique,ORL,2023,ST,1237,-0.14,-0.35,-0.1,-0.41,0.28,0.27,-0.46,-0.03346806791
Paxton Pomykal,FCD,2023,CM,1734,0.13,-0.03,0.1,-0.37,-0.23,-0.25,-0.65,-0.03373702422
Julián Aude,LAG,2023,FB,1325,-0.02,0.06,-0.12,-0.46,-0.05,0.1,-0.5,-0.03396226415
Wilder Cartagena,ORL,2023,DM,2120,-0.22,-0.12,-0.06,0.06,-0.31,-0.15,-0.8,-0.03396226415
Jeong Sang-Bin,MIN,2023,AM,1070,-0.8,0.17,-0.14,-0.24,0.72,-0.12,-0.41,-0.03448598131
Guzmán Corujo,CLT,2023,CB,389,-0.03,0.01,0,-0.07,-0.07,0.01,-0.15,-0.03470437018
Emeka Eneli,RSL,2023,FB,1476,0.18,0.17,0.01,-0.3,-0.39,-0.24,-0.57,-0.03475609756
Jack Maher,NSH,2023,CB,3185,-0.14,0.27,-0.56,-0.42,-0.34,-0.05,-1.23,-0.0347566719
Juan José Purata,ATL,2023,CB,2406,0.13,-0.04,-0.37,-0.47,-0.22,0.04,-0.93,-0.03478802993
Anderson Julio,RSL,2023,ST,1277,-0.4,-0.16,0.26,-0.72,0.42,0.09,-0.5,-0.03523884103
Jonathan Osorio,TOR,2023,CM,2065,-0.17,0.03,-0.2,-0.27,0.05,-0.25,-0.81,-0.03530266344
Joshua Atencio,SEA,2023,DM,1115,-0.2,0.01,-0.02,-0.5,0.32,-0.05,-0.44,-0.03551569507
Eric Miller,POR,2023,FB,1359,-0.16,0.04,-0.07,0.05,-0.23,-0.16,-0.54,-0.0357615894
James Sands,NYC,2023,DM,2415,0.1,-0.38,0.13,-0.2,-0.33,-0.28,-0.96,-0.03577639752
Daniel Gazdag,PHI,2023,AM,3064,-0.5,0.26,-0.38,-0.5,0.14,-0.23,-1.23,-0.03612924282
Gustavo Bou,NER,2023,ST,1366,0.46,-0.41,-0.18,-0.79,-0.08,0.44,-0.55,-0.03623718887
Bill Tuiloma,CLT,2023,CB,1515,-0.08,0.08,-0.36,0.1,-0.22,-0.11,-0.61,-0.03623762376
Daniel Pereira Gil,ATX,2023,CM,2798,0.73,0.06,-0.02,-0.95,-0.59,-0.39,-1.15,-0.03699070765
Alvas Powell,CIN,2023,FB,1115,0.02,0.07,-0.18,-0.25,-0.08,-0.04,-0.46,-0.03713004484
Judson,SJE,2023,CM,548,-0.05,-0.03,0.34,-0.13,-0.21,-0.14,-0.23,-0.03777372263
Nelson Quiñones,HOU,2023,W,1624,-0.12,0.24,0.03,-0.84,0.1,-0.11,-0.69,-0.03823891626
Raymon Gaddis,CIN,2023,FB,1432,-0.07,0.09,0.07,-0.33,-0.23,-0.13,-0.61,-0.03833798883
Taylor Washington,NSH,2023,FB,608,-0.26,-0.04,0.09,-0.13,0.09,-0.01,-0.26,-0.03848684211
Darlington Nagbe,CLB,2023,CM,3106,0.19,0.21,-0.42,-0.75,-0.25,-0.32,-1.33,-0.03853831294
Miguel Araujo,POR,2023,CB,186,0,0.01,0.02,-0.01,-0.06,-0.04,-0.08,-0.03870967742
Luis Caicedo,HOU,2023,DM,1401,-0.14,0.03,0.75,-0.4,-0.54,-0.32,-0.62,-0.03982869379
Brent Kallman,MIN,2023,CB,248,0.01,-0.01,0.08,0.03,-0.15,-0.07,-0.11,-0.03991935484
Micael,HOU,2023,CB,2206,-0.32,0.17,-0.5,0.14,-0.34,-0.13,-0.98,-0.03998186763
Ethan Bartlow,HOU,2023,CB,2257,0.32,0.27,-1.07,-0.51,-0.01,-0.01,-1.01,-0.04027470093
Franco Escobar,HOU,2023,FB,2489,-0.74,0.05,0.07,-1.17,0.43,0.24,-1.12,-0.04049819204
Nemanja Radoja,SKC,2023,DM,1898,0.02,-0.23,0.16,-0.3,-0.28,-0.23,-0.86,-0.04077976818
Andreas Maxsø,COL,2023,CB,3207,0.01,0.34,-1.54,-0.69,0.41,0.01,-1.46,-0.04097287184
Cristian Dájome,"VAN, DCU",2023,W,1244,-0.63,-0.02,-0.14,-0.06,0.23,0.05,-0.57,-0.04123794212
Dany Rosero Valencia,SKC,2023,CB,2512,-0.66,0.21,-0.39,-0.74,0.25,0.17,-1.16,-0.04156050955
Mohamed Farsi,CLB,2023,FB,2447,0.48,-0.16,-0.42,-1.38,0.36,-0.06,-1.18,-0.04340008173
Justin Meram,"RSL, CLT",2023,W,1698,-0.22,-0.19,0.01,0.39,-0.64,-0.18,-0.83,-0.04399293286
Andrew Privett,CLT,2023,CB,1178,-0.06,0.1,-0.52,0.07,-0.12,-0.04,-0.58,-0.04431239389
Jake Davis,SKC,2023,FB,2244,-0.06,0.13,-0.74,-0.14,-0.08,-0.22,-1.11,-0.04451871658
Jan Sobociński,CLT,2023,CB,745,-0.04,0.07,-0.34,0.07,-0.09,-0.04,-0.37,-0.04469798658
Joshua Yaro,STL,2023,CB,1042,-0.01,0.08,-0.04,-0.02,-0.36,-0.17,-0.52,-0.04491362764
Omar González,NER,2023,CB,960,-0.04,0.07,-0.16,-0.07,-0.14,-0.14,-0.48,-0.045
Noah Allen,MIA,2023,FB,1415,-0.19,0.07,-0.07,-0.52,-0.04,0.04,-0.71,-0.0451590106
Rasmus Alm,STL,2023,W,1213,-0.03,-0.06,-0.01,-0.11,-0.17,-0.23,-0.61,-0.04525968673
Jojea Kwizera,MTL,2023,FB,159,-0.02,-0.01,-0.03,-0.01,-0.02,0,-0.08,-0.04528301887
Tomas Ostrak,STL,2023,W,1306,0.03,-0.17,-0.01,-0.21,-0.42,0.11,-0.66,-0.04548238897
Arnaud Souquet,CHI,2023,FB,2026,-0.01,-0.23,-0.31,-0.2,-0.21,-0.07,-1.03,-0.04575518263
Nick Lima,ATX,2023,FB,2731,-0.43,0.14,-0.96,0.41,-0.51,-0.05,-1.39,-0.04580739656
Sebastian Lletget,FCD,2023,CM,1276,-0.08,0,-0.2,-0.26,-0.05,-0.07,-0.66,-0.04655172414
Danny Musovski,RSL,2023,ST,1331,-0.14,-0.24,-0.25,-0.54,0.65,-0.18,-0.69,-0.04665664914
Brandon Servania,TOR,2023,CM,1845,-0.38,0.01,0.03,-0.06,-0.45,-0.12,-0.96,-0.04682926829
Kevon Lambert,RSL,2023,CB,38,0,0,-0.02,0.01,-0.01,0,-0.02,-0.04736842105
Richard Ledezma,NYC,2023,ST,1325,-0.51,-0.17,-0.19,0.46,-0.18,-0.12,-0.7,-0.04754716981
Braian Ojeda,RSL,2023,CM,2410,-0.22,-0.01,-0.84,0.22,-0.61,0.17,-1.29,-0.04817427386
Ema Twumasi,FCD,2023,FB,1749,0.14,0.04,-0.35,-0.4,-0.23,-0.16,-0.95,-0.04888507719
Erik Duenas,LAFC,2023,CM,882,-0.34,-0.06,0.23,-0.34,0,0.04,-0.48,-0.04897959184
Franco Ibarra,"TOR, ATL",2023,DM,1905,-0.26,-0.04,0.2,-0.17,-0.53,-0.25,-1.04,-0.04913385827
William Agada,SKC,2023,ST,786,-0.62,0.15,-0.11,-0.53,0.63,0.05,-0.43,-0.04923664122
Kacper Przybylko,CHI,2023,ST,1125,-0.01,-0.08,0.22,0.09,-0.58,-0.27,-0.62,-0.0496
Nathan Byrne,CLT,2023,FB,2917,-0.43,-0.26,-0.63,0.32,-0.4,-0.21,-1.61,-0.04967432293
Sigurd Rosted,TOR,2023,CB,1806,-0.43,0.09,0.26,-0.48,-0.31,-0.12,-1,-0.04983388704
Jahkeele Marshall-Rutty,TOR,2023,W,1259,-0.05,0.05,-0.07,-0.41,-0.34,0.13,-0.7,-0.05003971406
Adilson Malanda,CLT,2023,CB,2867,-0.12,-0.09,-0.96,-0.03,-0.22,-0.19,-1.6,-0.05022671782
Ryan Spaulding,NER,2023,FB,680,-0.05,0.07,-0.04,-0.31,-0.03,-0.02,-0.38,-0.05029411765
Simon Becher,VAN,2023,ST,731,-0.62,0,0,-0.21,0.34,0.08,-0.41,-0.05047879617
Romell Quioto,MTL,2023,ST,883,0.36,-0.1,-0.2,0.01,-0.47,-0.11,-0.5,-0.05096262741
Levonte Johnson,VAN,2023,FB,229,0.1,0.05,0.07,-0.31,0.01,-0.05,-0.13,-0.05109170306
Miguel Ángel Navarro,CHI,2023,FB,2198,-0.35,-0.62,0.23,-0.01,-0.3,-0.24,-1.28,-0.05241128298
Taxiarchis Fountas,DCU,2023,ST,1233,-1.12,0.28,-0.05,0.19,-0.41,0.39,-0.72,-0.05255474453
Carlos Gruezo,SJE,2023,DM,2388,-0.22,0.01,0.19,-0.56,-0.53,-0.3,-1.4,-0.0527638191
Luis Díaz,"CLB, COL",2023,FB,221,-0.1,-0.03,0.01,-0.09,0.02,0.07,-0.13,-0.05294117647
Russell Canouse,DCU,2023,CM,2435,-0.57,-0.32,0.49,-0.18,-0.59,-0.28,-1.44,-0.0532238193
Jake Nerwinski,STL,2023,FB,2446,-0.5,-0.05,-0.59,0.37,-0.47,-0.2,-1.45,-0.0533524121
Daniel Munie,SJE,2023,CB,134,-0.02,0,-0.02,-0.01,-0.02,-0.01,-0.08,-0.05373134328
Stephen Turnbull,NYC,2023,FB,552,-0.21,-0.02,0.1,-0.23,0.08,-0.05,-0.33,-0.05380434783
Dario Zuparic,POR,2023,CB,3107,-0.03,0.29,-0.84,-0.88,-0.25,-0.15,-1.86,-0.05387833923
Nicolás Lodeiro,SEA,2023,AM,2735,-0.65,0,0.07,0.27,-0.85,-0.48,-1.64,-0.05396709324
Marcelo Silva,RSL,2023,CB,1588,-0.1,-0.38,-0.18,-0.3,-0.06,0.06,-0.96,-0.05440806045
Justin Haak,NYC,2023,CB,1037,0.02,0.06,-0.14,-0.23,-0.23,-0.12,-0.63,-0.05467695275
Kevin Cabral,COL,2023,ST,1312,-0.06,-0.14,0.21,-0.3,-0.27,-0.24,-0.8,-0.05487804878
Kevin O'Toole,NYC,2023,FB,1366,-0.13,0.15,-0.36,-0.37,-0.08,-0.04,-0.84,-0.05534407028
Maximiliano Urruti,ATX,2023,ST,1121,0.08,-0.09,0.08,-0.09,-0.61,-0.06,-0.69,-0.05539696699
Noel Buck,NER,2023,CM,1913,-0.08,-0.01,-0.16,-0.32,-0.39,-0.23,-1.18,-0.05551489807
Cristián Gutiérrez,TOR,2023,FB,275,0.03,0.02,-0.13,-0.1,-0.01,0.01,-0.17,-0.05563636364
Adam Lundkvist,ATX,2023,FB,995,-0.22,-0.21,0.26,-0.27,-0.12,-0.06,-0.62,-0.05608040201
Peter Stroud,NYRB,2023,DM,1203,-0.09,0.07,0.21,-0.28,-0.43,-0.23,-0.75,-0.05610972569
Luis Martins,VAN,2023,FB,1780,-0.1,0.13,-0.94,0.19,-0.31,-0.09,-1.11,-0.05612359551
Joseph Rosales,MIN,2023,W,1185,-0.21,-0.09,0.44,-0.42,-0.35,-0.12,-0.74,-0.05620253165
Nico Benalcazar,NYC,2023,CM,16,0,0,0.01,-0.01,0,0,-0.01,-0.05625
Calvin Harris,COL,2023,W,972,-0.12,-0.07,0.5,-0.14,-0.5,-0.28,-0.61,-0.05648148148
Nick Hagglund,CIN,2023,CB,2386,-0.05,-0.11,-0.74,-0.19,-0.25,-0.17,-1.51,-0.05695725063
Lalas Abubakar,COL,2023,CB,2119,-0.3,0.04,-0.36,-0.57,-0.15,-0.02,-1.35,-0.05733836715
George Campbell,MTL,2023,CB,2052,-0.04,0.1,-0.77,-0.25,-0.31,-0.05,-1.32,-0.05789473684
Jesús Bueno,PHI,2023,CM,1140,-0.02,-0.05,0.25,-0.42,-0.33,-0.18,-0.74,-0.05842105263
Calvin Fodrey,ATX,2023,FB,46,0.02,0,-0.03,0.01,-0.01,-0.02,-0.03,-0.05869565217
Harrison Afful,CLT,2023,FB,1068,-0.14,0,-0.19,-0.07,-0.26,-0.04,-0.7,-0.05898876404
Marco Farfan,FCD,2023,FB,2954,-0.37,0.14,-0.5,-0.8,-0.29,-0.12,-1.94,-0.05910629655
Yimmi Chará,POR,2023,W,813,-0.07,-0.04,0.11,-0.14,-0.23,-0.16,-0.54,-0.05977859779
Obed Vargas,SEA,2023,DM,1460,-0.03,0.11,0.17,-0.77,-0.28,-0.19,-0.98,-0.0604109589
Felipe,ORL,2023,DM,649,-0.18,-0.02,-0.2,-0.1,0.02,0.04,-0.44,-0.06101694915
Jamiro Monteiro,SJE,2023,CM,2294,-0.95,-0.06,0.12,-0.49,0.16,-0.33,-1.56,-0.06120313862
Sean Davis,NSH,2023,CM,2088,-0.3,-0.01,0.36,-0.54,-0.52,-0.4,-1.42,-0.06120689655
Ben Sweat,"NER, SKC",2023,FB,720,-0.01,-0.09,-0.19,-0.06,-0.1,-0.04,-0.49,-0.06125
Christian Ramirez,CLB,2023,ST,1789,-1.35,-0.13,-0.22,-0.77,1.14,0.11,-1.22,-0.06137506987
Emiliano Rigoni,ATX,2023,W,2410,-0.51,-0.28,-0.06,-0.47,-0.26,-0.06,-1.65,-0.06161825726
Rodolfo Pizarro,MIA,2023,AM,1020,-0.22,-0.03,-0.02,0.11,-0.34,-0.21,-0.7,-0.06176470588
Nelson Palacio,RSL,2023,CM,960,-0.07,-0.03,0.07,-0.17,-0.33,-0.14,-0.66,-0.061875
Edwin Cerrillo,"LAG, FCD",2023,DM,2394,-0.58,-0.01,0.07,-0.28,-0.58,-0.27,-1.65,-0.06203007519
Dairon Asprilla,POR,2023,W,1601,-1.02,-0.21,0.1,-0.46,0.5,-0.03,-1.12,-0.06296064959
Jorge Cabezas,NYRB,2023,ST,141,0.06,-0.02,-0.05,-0.07,-0.07,0.07,-0.1,-0.06382978723
Jonathan Dean,CHI,2023,FB,1543,-0.1,-0.52,0.29,-0.24,-0.31,-0.24,-1.11,-0.06474400518
Chris Durkin,DCU,2023,CM,2203,-0.4,-0.21,-0.13,-0.45,-0.23,-0.17,-1.59,-0.06495687699
Federico Navarro,CHI,2023,DM,1214,0.11,-0.42,0.62,-0.77,-0.27,-0.15,-0.88,-0.06523887974
Ian Fray,MIA,2023,CB,731,0.2,0.06,-0.9,0.17,-0.12,0.07,-0.53,-0.06525307798
Darren Yapi,COL,2023,ST,1005,0.18,-0.05,-0.05,-0.32,-0.2,-0.29,-0.73,-0.06537313433
Maikel Chang,RSL,2023,W,1107,-0.04,-0.09,-0.12,0.02,-0.4,-0.18,-0.81,-0.06585365854
Jonathan Bell,STL,2023,CB,150,0,0.01,0.01,0.02,-0.1,-0.05,-0.11,-0.066
Khiry Shelton,SKC,2023,W,994,0.08,-0.04,0.03,-0.16,-0.37,-0.27,-0.73,-0.06609657948
Franco Fragapane,MIN,2023,W,1427,-0.97,-0.08,-0.19,0.42,0.06,-0.29,-1.05,-0.06622284513
Aaron Long,LAFC,2023,CB,1694,-0.02,0.07,-0.9,-0.27,-0.14,0.01,-1.25,-0.06641086187
Tsiki Ntsabeleng,FCD,2023,AM,431,-0.08,-0.27,0.15,0.04,-0.1,-0.07,-0.32,-0.06682134571
Ercan Kara,ORL,2023,ST,918,-0.14,-0.14,-0.08,-0.24,0.05,-0.14,-0.69,-0.06764705882
Derrick Etienne,ATL,2023,W,1162,-0.24,-0.05,-0.14,-0.04,-0.02,-0.39,-0.89,-0.06893287435
Akil Watts,STL,2023,FB,979,0.09,0,-0.25,-0.25,-0.2,-0.14,-0.75,-0.06894790603
Rándall Leal,NSH,2023,W,1240,-0.18,-0.16,-0.12,0.13,-0.48,-0.13,-0.95,-0.0689516129
Reed Baker-Whiting,SEA,2023,FB,738,0.01,0.01,-0.28,-0.25,0.02,-0.08,-0.57,-0.06951219512
Elias Manoel,NYRB,2023,ST,1836,-0.79,-0.2,0.61,-0.29,-0.6,-0.14,-1.42,-0.06960784314
Owen Wolff,ATX,2023,DM,2081,-0.07,0.02,-0.36,-0.72,-0.38,-0.09,-1.61,-0.06962998558
Alex Muyl,NSH,2023,W,2249,-0.78,-0.34,0.27,-0.5,-0.17,-0.23,-1.75,-0.07003112494
Jacob Greene,DCU,2023,FB,552,-0.15,0.04,-0.04,-0.17,-0.08,-0.03,-0.43,-0.07010869565
Memo Rodríguez,"ATX, LAG",2023,W,1013,-0.12,-0.05,-0.08,-0.18,-0.31,-0.05,-0.79,-0.0701875617
Andres Jasson,NYC,2023,W,933,-0.38,0,-0.22,-0.24,0.03,0.07,-0.73,-0.07041800643
Matko Miljevic,MTL,2023,AM,178,-0.07,0,0.06,-0.04,-0.12,0.04,-0.14,-0.07078651685
Jonathan Lewis,COL,2023,ST,1341,0.02,0.22,-0.18,-0.03,-0.87,-0.23,-1.06,-0.0711409396
Brandt Bronico,CLT,2023,CM,2869,-0.86,-0.05,-0.35,-1.51,0.62,-0.13,-2.27,-0.07120948066
Enzo Copetti,CLT,2023,ST,2193,-1.35,0.31,-0.01,-0.61,0.68,-0.77,-1.74,-0.07140902873
Tony Alfaro,"NYC, LAG",2023,CB,838,-0.17,-0.18,0.12,-0.19,-0.19,-0.06,-0.67,-0.07195704057
Nacho Gil,NER,2023,W,561,0.15,-0.11,0,-0.23,-0.12,-0.14,-0.45,-0.07219251337
Jeremy Ebobisse,SJE,2023,ST,3253,-1.14,0.46,-0.11,0.23,-1.16,-0.9,-2.62,-0.07248693514
Javier Casas,CHI,2023,DM,74,-0.02,0,-0.01,0.02,-0.03,-0.01,-0.06,-0.07297297297
Jhojan Valencia,ATX,2023,CM,1589,-0.24,-0.18,0.13,-0.42,-0.37,-0.22,-1.29,-0.07306482064
Bode Davis,RSL,2023,FB,1340,0.05,-0.02,-0.16,-0.44,-0.34,-0.19,-1.09,-0.07320895522
Dixon Arroyo,MIA,2023,CM,1977,-0.81,-0.02,0.38,-0.31,-0.66,-0.2,-1.61,-0.07329286798
Miguel Perez,STL,2023,DM,695,-0.23,-0.12,0.02,-0.16,-0.05,-0.03,-0.58,-0.07510791367
Robert Taylor,MIA,2023,W,1626,-1.07,-0.15,0.05,-0.08,0.16,-0.27,-1.36,-0.07527675277
Efrain Álvarez,LAG,2023,W,429,-0.01,-0.04,-0.11,-0.01,-0.17,-0.02,-0.36,-0.07552447552
Mark-Anthony Kaye,"NER, TOR",2023,DM,2859,-0.55,-0.24,-0.07,-0.65,-0.59,-0.31,-2.41,-0.0758656873
Birk Risa,NYC,2023,CB,946,0.03,0.09,-0.43,-0.23,-0.18,-0.06,-0.8,-0.07610993658
Cade Cowell,SJE,2023,W,1653,-0.73,0.11,-0.17,-0.76,0.28,-0.12,-1.4,-0.07622504537
Raúl Ruidíaz,SEA,2023,ST,1152,-0.97,-0.14,0,-0.5,0.27,0.36,-0.98,-0.0765625
Kerwin Calderón Vargas,CLT,2023,W,1633,-0.26,-0.18,0.06,-0.16,-0.76,-0.1,-1.39,-0.07660747091
Philip Quinton,CLB,2023,CB,1055,-0.17,-0.15,-0.29,-0.09,-0.14,-0.07,-0.9,-0.07677725118
Deandre Kerr,TOR,2023,ST,1312,0.04,-0.08,-0.19,-0.51,-0.26,-0.12,-1.12,-0.07682926829
Cameron Duke,SKC,2023,FB,152,0.05,0,0.01,-0.05,-0.09,-0.05,-0.13,-0.07697368421
Victor Wanyama,MTL,2023,CM,1968,-0.14,-0.12,-0.08,-0.52,-0.5,-0.33,-1.69,-0.07728658537
Luca Petrasso,ORL,2023,FB,500,-0.36,0.01,0.14,-0.01,-0.13,-0.08,-0.43,-0.0774
Gabriel Segal,NYC,2023,ST,473,-0.17,-0.03,0.14,-0.17,-0.17,0,-0.41,-0.07801268499
Orrin McKinze Gaines II,CLT,2023,W,841,0.19,-0.01,-0.16,-0.29,-0.26,-0.2,-0.73,-0.07812128419
Marco Angulo,CIN,2023,CM,909,-0.12,-0.13,0.55,-0.62,-0.32,-0.14,-0.79,-0.07821782178
Luis Amarilla,MIN,2023,ST,814,-0.26,0.11,0.18,-0.23,-0.34,-0.17,-0.71,-0.0785012285
Derrick Jones,CLT,2023,DM,2094,-0.35,-0.2,-0.1,-0.97,-0.16,-0.06,-1.83,-0.07865329513
Samuel Adeniran,STL,2023,ST,1037,0.31,-0.41,-0.2,0,-0.54,-0.06,-0.91,-0.07897782064
DeAndre Yedlin,MIA,2023,FB,2585,-0.28,-0.2,-0.78,-0.64,-0.11,-0.27,-2.27,-0.07903288201
Santiago Sosa,ATL,2023,DM,1013,-0.16,-0.05,-0.23,-0.2,-0.14,-0.13,-0.89,-0.07907206318
Yevhen Cheberko,CLB,2023,CB,227,-0.08,0,-0.06,0.02,-0.05,-0.03,-0.2,-0.07929515419
Mohanad Jeahze,DCU,2023,FB,407,-0.04,0.03,-0.34,0.04,-0.05,0,-0.36,-0.07960687961
Teal Bunbury,NSH,2023,ST,1813,-0.17,-0.21,-0.35,-0.26,-0.32,-0.3,-1.61,-0.07992277992
Alfredo Morales,NYC,2023,CM,1323,-0.21,-0.04,-0.35,-0.19,-0.24,-0.15,-1.18,-0.08027210884
Kosi Thompson,TOR,2023,CM,650,-0.34,-0.02,0.19,-0.21,-0.07,-0.13,-0.58,-0.08030769231
Latif Blessing,"NER, TOR",2023,CM,1277,-0.34,-0.19,0.63,-0.61,-0.43,-0.19,-1.14,-0.08034455756
Sean Nealis,NYRB,2023,CB,3056,-0.38,-0.32,-1.61,-0.68,0.08,0.16,-2.75,-0.0809882199
Noel Caliskan,POR,2023,CM,298,-0.04,0.15,-0.13,-0.2,0,-0.04,-0.27,-0.08154362416
Yamil Asad,DCU,2023,W,648,-0.37,-0.03,-0.03,-0.03,-0.01,-0.12,-0.59,-0.08194444444
Gaoussou Samake,DCU,2023,FB,384,-0.09,-0.05,-0.13,-0.08,-0.01,0,-0.35,-0.08203125
Nathan Saliba,MTL,2023,CM,1948,-0.12,-0.09,0.1,-1.04,-0.46,-0.2,-1.81,-0.08362422998
Sebastian Anderson,COL,2023,FB,289,-0.01,-0.02,0.01,-0.17,-0.05,-0.03,-0.27,-0.08408304498
Diego Fagundez,"LAG, ATX",2023,W,1754,-0.52,0.02,-0.27,-0.21,-0.41,-0.25,-1.64,-0.08415051311
Tah Brian Anunga,NSH,2023,CM,648,-0.18,-0.04,0.28,-0.3,-0.22,-0.15,-0.61,-0.08472222222
Tom Barlow,NYRB,2023,ST,2067,-0.81,-0.29,0.11,0.2,-0.86,-0.29,-1.95,-0.08490566038
Bertin Jacquesson,RSL,2023,W,400,-0.13,-0.06,-0.05,0.04,-0.17,-0.01,-0.38,-0.0855
Dylan Nealis,NYRB,2023,CB,1197,-0.01,-0.21,-0.83,-0.04,-0.04,-0.01,-1.14,-0.08571428571
Ethan Finlay,ATX,2023,W,1883,-0.35,-0.17,-0.31,-0.26,-0.57,-0.13,-1.8,-0.08603292618
Corentin Jean,MIA,2023,W,899,-0.38,-0.01,0.24,-0.2,-0.43,-0.09,-0.86,-0.08609566185
Adama Diomande,TOR,2023,ST,176,0.08,-0.05,-0.04,0.13,-0.2,-0.09,-0.17,-0.08693181818
Sam Junqua,FCD,2023,FB,1153,-0.14,-0.29,-0.23,-0.34,-0.04,-0.08,-1.12,-0.08742411101
Denil Maldonado,LAFC,2023,CB,1880,-0.05,-0.38,-1.61,0.04,0.24,-0.08,-1.83,-0.08760638298
Machop Chol,ATL,2023,W,575,0.13,-0.26,-0.16,-0.32,0,0.04,-0.56,-0.08765217391
David Ruiz,MIA,2023,CM,1343,-0.19,0.16,-0.11,-0.66,-0.37,-0.14,-1.31,-0.08778853313
Fredy Montero,SEA,2023,ST,512,-0.27,0.22,-0.08,-0.02,-0.31,-0.03,-0.5,-0.087890625
Kendall Burks,CHI,2023,CB,583,-0.02,-0.24,-0.18,-0.1,-0.03,-0.02,-0.57,-0.08799313894
Malik Pinto,CIN,2023,CM,505,-0.05,-0.1,0.07,0.06,-0.32,-0.16,-0.5,-0.08910891089
Joey Akpunonu,CIN,2023,FB,10,0,0,-0.01,0,0,0,-0.01,-0.09
Ibrahim Kasule,NYRB,2023,W,30,-0.1,0.03,0.04,-0.02,0.04,-0.02,-0.03,-0.09
Julian Gaines,LAFC,2023,FB,70,-0.07,0,0.04,-0.01,-0.01,-0.01,-0.07,-0.09
Leon Flach,PHI,2023,CM,2004,-0.49,0.14,-0.04,-0.6,-0.68,-0.35,-2.02,-0.09071856287
Quinn Sullivan,PHI,2023,ST,816,-0.07,-0.09,0.03,-0.12,-0.41,-0.16,-0.83,-0.09154411765
Mason Toye,MTL,2023,ST,722,-0.06,0.15,-0.08,-0.11,-0.55,-0.08,-0.74,-0.09224376731
William Sands,CLB,2023,FB,529,0,0.05,-0.2,-0.37,0,-0.02,-0.55,-0.09357277883
Jozy Altidore,NER,2023,ST,250,0.05,0,-0.07,-0.04,-0.24,0.04,-0.26,-0.0936
Sebastián Blanco,POR,2023,W,527,-0.06,-0.01,-0.12,0.05,-0.3,-0.11,-0.55,-0.09392789374
Facundo Farías,MIA,2023,W,923,-0.03,-0.05,-0.09,-0.31,-0.48,-0.01,-0.97,-0.09458288191
Rafael Navarro,COL,2023,ST,950,-0.11,-0.14,-0.07,-0.1,-0.53,-0.05,-1,-0.09473684211
C.J. Sapong,"NSH, TOR",2023,ST,1783,-0.28,-0.3,-0.23,0.02,-0.59,-0.51,-1.88,-0.09489624229
Scott Caldwell,RSL,2023,CM,189,-0.01,0,-0.03,-0.07,-0.05,-0.04,-0.2,-0.09523809524
Georgios Koutsias,CHI,2023,ST,1155,-0.31,-0.15,-0.2,-0.78,0.25,-0.05,-1.23,-0.09584415584
Kevin Molino,CLB,2023,AM,103,-0.06,-0.02,-0.03,0.08,-0.04,-0.04,-0.11,-0.09611650485
Thorleifur Úlfarsson,HOU,2023,ST,567,-0.24,0,-0.2,-0.14,-0.09,0.05,-0.61,-0.09682539683
Alan Velasco,FCD,2023,W,2435,0.31,-0.23,0.22,-0.89,-1.73,-0.29,-2.62,-0.09683778234
Benjamin Cremaschi,MIA,2023,CM,1993,-1.47,0.15,-0.13,-0.8,0.17,-0.07,-2.16,-0.09754139488
Caleb Wiley,ATL,2023,FB,2565,-0.27,-0.16,-1,-0.47,-0.5,-0.38,-2.78,-0.09754385965
Justin Rasmussen,POR,2023,FB,378,-0.23,-0.02,-0.15,0.02,0.04,-0.07,-0.41,-0.09761904762
Abdoulaye Cissoko,SEA,2023,CB,101,0.01,-0.02,-0.05,0.1,-0.12,-0.04,-0.11,-0.09801980198
Benjamin Kikanovic,SJE,2023,W,837,-0.14,-0.01,0.03,-0.16,-0.46,-0.16,-0.92,-0.09892473118
Themi Antonoglou,TOR,2023,FB,521,0.07,-0.04,-0.16,-0.3,-0.09,-0.05,-0.58,-0.1001919386
Damion Lowe,PHI,2023,CB,1403,-0.07,-0.41,-0.75,-0.39,0,0.03,-1.58,-0.1013542409
Jesus Batiz,TOR,2023,W,71,0.03,-0.01,0,-0.02,-0.08,-0.01,-0.08,-0.1014084507
Liam Fraser,FCD,2023,CM,410,-0.18,-0.04,-0.17,0.03,-0.08,-0.02,-0.47,-0.1031707317
Russell Teibert,VAN,2023,CM,183,-0.01,0,0,-0.17,-0.08,0.05,-0.21,-0.1032786885
Marinos Tzionis,SKC,2023,W,861,-0.46,0.05,0.15,-0.3,-0.37,-0.07,-1,-0.1045296167
Ilias Iliadis,MTL,2023,FB,283,-0.06,-0.02,-0.09,-0.03,-0.11,-0.02,-0.33,-0.1049469965
Damir Kreilach,RSL,2023,ST,1468,0.23,-0.38,-0.2,-0.79,-0.57,-0.01,-1.72,-0.1054495913
Ahmed Hamdi,MTL,2023,AM,546,-0.12,-0.05,-0.02,-0.05,-0.29,-0.11,-0.64,-0.1054945055
Dylan Teves,SEA,2023,W,469,-0.25,-0.03,0.01,-0.25,0.11,-0.14,-0.55,-0.10554371
Marlon Vargas,COL,2023,CM,17,0,0,-0.01,0,0,0,-0.02,-0.1058823529
Rémi Cabral,COL,2023,FB,17,0,-0.01,-0.03,-0.01,0.01,0,-0.02,-0.1058823529
Diego Gomez,MIA,2023,CM,441,-0.01,0.02,0.12,-0.51,-0.06,-0.07,-0.52,-0.106122449
Dru Yearwood,NYRB,2023,CM,953,-0.24,-0.06,-0.04,-0.08,-0.39,-0.31,-1.13,-0.1067156348
Matai Akinmboni,DCU,2023,CB,202,0.01,-0.23,0.02,-0.05,0.01,-0.01,-0.24,-0.1069306931
Corey Baird,HOU,2023,ST,2555,-0.51,-0.08,-0.35,-1.04,-0.78,-0.32,-3.07,-0.1081409002
Gaston Gonzalez,ORL,2023,W,831,-0.1,-0.11,-0.1,-0.36,-0.17,-0.14,-1,-0.1083032491
Wikelman Carmona,NYRB,2023,W,763,-0.22,0.03,-0.27,-0.12,-0.34,-0.01,-0.93,-0.1096985583
Robert Voloder,SKC,2023,CB,1149,0.06,-0.12,-0.52,-0.66,-0.09,-0.08,-1.41,-0.1104438642
Vinicius Mello,CLT,2023,W,73,-0.06,0.03,-0.02,-0.02,0.02,-0.03,-0.09,-0.1109589041
Rida Zouhir,MTL,2023,CM,243,0,-0.01,0.02,-0.16,-0.11,-0.03,-0.3,-0.1111111111
Victor Griffith,POR,2023,CM,97,0,0,-0.01,-0.05,-0.03,-0.03,-0.12,-0.1113402062
Braian Galván,COL,2023,W,750,-0.32,-0.03,-0.05,0.12,-0.41,-0.23,-0.93,-0.1116
Andre Shinyashiki,CLT,2023,CM,222,-0.17,0,-0.04,-0.1,0.04,-0.02,-0.28,-0.1135135135
Carlos Ferreira,HOU,2023,ST,363,-0.2,-0.02,-0.01,-0.34,0.21,-0.09,-0.46,-0.1140495868
Ethan Zubak,NSH,2023,ST,188,0,-0.02,0.1,-0.07,-0.11,-0.12,-0.24,-0.114893617
Brooklyn Raines,HOU,2023,CM,234,0.05,0.01,-0.01,-0.21,-0.06,-0.07,-0.3,-0.1153846154
Nicolás Stefanelli,MIA,2023,W,1470,-0.96,0.11,0,-1.09,0.14,-0.1,-1.9,-0.1163265306
Mauricio Cuevas,LAG,2023,FB,468,-0.02,-0.01,-0.26,-0.17,-0.06,-0.08,-0.61,-0.1173076923
Zayden Bello,MIN,2023,W,23,-0.01,0,0,-0.02,0,-0.01,-0.03,-0.1173913043
Jackson Hopkins,DCU,2023,CM,230,-0.04,-0.01,-0.07,-0.01,-0.14,-0.03,-0.3,-0.1173913043
José Mulato,FCD,2023,ST,151,0.05,-0.05,-0.05,0.04,-0.11,-0.08,-0.2,-0.119205298
Justin Rennicks,NER,2023,W,465,0.02,-0.23,-0.17,-0.26,0.19,-0.18,-0.63,-0.1219354839
Prince Osei Owusu,TOR,2023,ST,286,0,0.02,0.07,-0.27,-0.07,-0.15,-0.39,-0.1227272727
Martín Cáceres,LAG,2023,CB,1450,-0.36,-0.16,-1.3,-0.09,-0.1,0.03,-1.98,-0.1228965517
Herbert Endeley,FCD,2023,W,262,0.06,-0.01,-0.1,-0.03,-0.2,-0.08,-0.36,-0.1236641221
Noah Cobb,ATL,2023,CB,218,-0.03,0.02,-0.09,-0.12,-0.05,-0.02,-0.3,-0.123853211
Marvin Loría,POR,2023,W,855,-0.61,-0.03,0.03,-0.4,-0.06,-0.14,-1.19,-0.1252631579
Bakaye Dibassy,MIN,2023,CB,531,-0.18,-0.26,-0.03,-0.16,-0.06,-0.06,-0.74,-0.1254237288
Bryce Duke,"MIA, MTL",2023,AM,2080,-0.96,-0.01,0.15,-1.03,-0.86,-0.22,-2.93,-0.1267788462
Rodney Redes,ATX,2023,W,553,-0.42,0.01,-0.11,-0.12,-0.03,-0.11,-0.78,-0.1269439421
Josef Martínez,MIA,2023,ST,1934,-0.67,-0.23,-0.4,-0.06,-1.09,-0.28,-2.73,-0.1270423992
Diego Gutiérrez,POR,2023,W,293,0.05,0.01,-0.07,-0.02,-0.28,-0.11,-0.42,-0.1290102389
Matthew Hoppe,SJE,2023,W,470,-0.64,-0.06,0.02,-0.36,0.36,0,-0.68,-0.130212766
Matías Pellegrini,NYC,2023,W,1297,-0.5,-0.11,-0.12,-0.36,-0.38,-0.41,-1.88,-0.1304548959
Sidnei Tavares,COL,2023,DM,315,0.02,0.06,-0.17,-0.15,-0.12,-0.08,-0.46,-0.1314285714
Amar Sejdic,ATL,2023,DM,1181,-0.32,0.01,-0.26,-0.62,-0.39,-0.16,-1.73,-0.1318374259
Kristian Fletcher,DCU,2023,W,177,-0.02,-0.02,-0.06,-0.04,-0.08,-0.04,-0.26,-0.1322033898
Esmir Bajraktarevic,NER,2023,W,551,-0.4,-0.06,-0.08,-0.31,-0.04,0.08,-0.81,-0.1323049002
Brenner,CIN,2023,ST,587,-0.23,-0.06,0.04,-0.43,-0.11,-0.07,-0.87,-0.1333901193
Nathan,POR,2023,ST,665,-0.53,-0.13,-0.07,-0.04,-0.04,-0.19,-1,-0.1353383459
Danny Leyva,"SEA, COL",2023,CM,746,-0.25,-0.35,-0.08,-0.1,-0.23,-0.15,-1.16,-0.1399463807
Ralph Priso-Mbongue,COL,2023,DM,1174,-0.14,-0.32,-0.17,-0.49,-0.42,-0.31,-1.85,-0.1418228279
Collin Smith,FCD,2023,FB,113,-0.06,0,-0.03,0.02,-0.07,-0.04,-0.18,-0.1433628319
Ajani Fortune,ATL,2023,DM,457,0.02,-0.01,-0.52,-0.19,-0.05,0.02,-0.73,-0.1437636761
Ousseni Bouda,SJE,2023,W,212,-0.36,-0.06,-0.1,-0.07,0.14,0.11,-0.34,-0.1443396226
José Fajardo,DCU,2023,ST,276,0.02,-0.07,-0.06,-0.39,0.16,-0.11,-0.45,-0.1467391304
Jackson Conway,ATL,2023,ST,61,0.02,-0.01,0.02,-0.02,-0.09,-0.02,-0.1,-0.1475409836
Ayo Akinola,"TOR, SJE",2023,ST,724,0.13,-0.09,0.09,-0.52,-0.57,-0.23,-1.19,-0.1479281768
Jack Price,COL,2023,CM,42,0.01,0,-0.02,-0.03,-0.02,-0.01,-0.07,-0.15
Erik Hurtado,DCU,2023,ST,329,-0.64,-0.05,0.02,-0.25,0.42,-0.05,-0.55,-0.1504559271
Daniel Crisostomo,LAFC,2023,CM,323,0.01,-0.01,-0.31,-0.08,-0.08,-0.06,-0.54,-0.1504643963
Alan Pulido,SKC,2023,ST,2395,-1.22,-0.1,-0.15,-0.66,-1.67,-0.28,-4.08,-0.1533194154
Luke Haakenson,NSH,2023,W,356,-0.03,-0.04,-0.05,-0.21,-0.14,-0.15,-0.61,-0.1542134831
Lawson Sunderland,MIA,2023,CM,70,-0.05,0,0.01,-0.05,-0.01,-0.03,-0.12,-0.1542857143
Oliver Larraz,COL,2023,DM,29,-0.06,0,0.01,0,-0.01,-0.01,-0.05,-0.1551724138
Nolan Norris,FCD,2023,CM,139,-0.01,0,-0.05,-0.09,-0.05,-0.04,-0.24,-0.1553956835
Paul Rothrock,SEA,2023,W,63,0,0,-0.01,-0.12,-0.03,0.05,-0.11,-0.1571428571
Joaquín Torres,PHI,2023,AM,422,-0.66,0.05,0.01,0.11,-0.25,-0.01,-0.75,-0.1599526066
Yosuke Hanya,COL,2023,ST,56,-0.01,0,-0.02,-0.04,-0.05,0.02,-0.1,-0.1607142857
Chase Gasper,HOU,2023,FB,233,-0.07,-0.22,-0.12,0.04,-0.02,-0.03,-0.42,-0.1622317597
Alonso Martínez,NYC,2023,W,44,-0.21,0,0.02,-0.01,0.12,0.01,-0.08,-0.1636363636
Ibrahim Aliyu,HOU,2023,ST,1356,-1.41,-0.25,0.08,-0.88,0.28,-0.35,-2.53,-0.167920354
Edison Azcona,MIA,2023,W,75,-0.07,0.01,-0.04,-0.08,0.04,0.02,-0.14,-0.168
Kipp Keller,ATX,2023,CB,505,-0.15,0.06,-0.27,-0.64,0.07,-0.05,-0.99,-0.1764356436
Sota Kitahara,SEA,2023,FB,5,0,0,0,0,0,0,-0.01,-0.18
Hugo Mbongue,TOR,2023,ST,306,0.1,-0.04,-0.01,-0.2,-0.31,-0.16,-0.62,-0.1823529412
Miguel Berry,ATL,2023,ST,1218,-0.16,-0.07,-0.14,0.15,-1.64,-0.62,-2.48,-0.1832512315
Sean Rea,MTL,2023,AM,811,-0.22,-0.13,-0.13,-0.46,-0.42,-0.31,-1.66,-0.184217016
Júnior Urso,ORL,2023,DM,321,0.01,-0.01,-0.01,-0.34,-0.21,-0.1,-0.67,-0.1878504673
Nökkvi Þeyr Þórisson,STL,2023,ST,328,-0.04,0,-0.28,-0.04,-0.25,-0.08,-0.69,-0.1893292683
Ilijah Paul,RSL,2023,ST,109,0.02,-0.01,-0.04,-0.1,-0.09,-0.02,-0.23,-0.1899082569
Caden Glover,STL,2023,DM,18,0,0,-0.02,-0.01,-0.01,0,-0.04,-0.2
Ronald Donkor,NYRB,2023,AM,63,0,0,0.06,-0.15,-0.03,-0.02,-0.14,-0.2
Jack Panayotou,NER,2023,W,367,-0.39,-0.05,-0.03,-0.15,-0.12,-0.07,-0.82,-0.2010899183
Jaroslaw Niezgoda,POR,2023,ST,755,-0.03,-0.07,0.11,-0.65,-0.76,-0.29,-1.7,-0.2026490066
Arquimides Ordonez,CIN,2023,ST,316,-0.4,0.03,-0.03,-0.17,-0.01,-0.14,-0.72,-0.2050632911
Victor Ulloa,MIA,2023,CM,210,-0.03,-0.01,-0.23,-0.03,-0.12,-0.07,-0.49,-0.21
Thai Baribo,PHI,2023,ST,179,-0.09,-0.02,-0.02,-0.16,-0.05,-0.09,-0.42,-0.2111731844
Hamady Diop,CLT,2023,FB,46,0,0,-0.08,-0.01,-0.01,-0.01,-0.11,-0.2152173913
O’Vonte Mullings,NYRB,2023,FB,53,-0.07,0.01,-0.01,-0.06,0.01,-0.01,-0.13,-0.220754717
Sebastian Kowalczyk,HOU,2023,AM,388,-0.34,-0.26,-0.05,-0.08,-0.09,-0.13,-0.96,-0.2226804124
Ryan Sailor,MIA,2023,CB,362,-0.38,0.02,0.03,-0.41,-0.1,-0.06,-0.9,-0.2237569061
Karifa Yao,VAN,2023,CM,4,0,0,0,0,0,0,-0.01,-0.225
Stiven Jimenez,CIN,2023,ST,4,0,0,0,0,-0.01,0,-0.01,-0.225
Zavier Gozo,RSL,2023,W,12,-0.01,0,-0.01,-0.03,0.02,-0.01,-0.03,-0.225
John Klein,STL,2023,AM,32,0,0,0,-0.07,0,-0.01,-0.08,-0.225
Christopher Hegardt,CLT,2023,W,75,-0.07,-0.04,-0.03,0,-0.03,-0.03,-0.19,-0.228
Sega Coulibaly,LAG,2023,CB,101,0.02,-0.24,-0.04,0.04,-0.02,-0.01,-0.26,-0.2316831683
Stephen Afrifa,SKC,2023,ST,65,-0.11,-0.01,0.03,0.03,-0.06,-0.05,-0.17,-0.2353846154
Thiago Andrade,NYC,2023,W,178,-0.22,-0.02,-0.21,-0.05,0.06,-0.04,-0.48,-0.2426966292
Luke Brennan,ATL,2023,AM,11,0,0,-0.01,-0.01,-0.01,-0.01,-0.03,-0.2454545455
Hayden Sargis,DCU,2023,CB,22,0,0,-0.03,0.01,-0.03,-0.01,-0.06,-0.2454545455
Ethan Dobbelaere,SEA,2023,W,101,-0.13,0.01,-0.06,-0.1,0.02,-0.03,-0.28,-0.2495049505
Harvey Neville,MIA,2023,FB,252,-0.11,0,-0.31,-0.19,-0.05,-0.04,-0.7,-0.25
Moses Nyeman,RSL,2023,CM,36,-0.04,0,-0.03,-0.03,-0.02,0.01,-0.1,-0.25
Michael Baldisimo,SJE,2023,CM,358,-0.11,-0.33,-0.27,-0.08,-0.14,-0.1,-1.02,-0.256424581
Jordan Faria,TOR,2023,W,28,-0.02,0,-0.01,0,-0.04,-0.01,-0.08,-0.2571428571
Benjamin Stitz,CIN,2023,ST,23,-0.03,0,-0.01,0.02,-0.02,-0.02,-0.07,-0.2739130435
Erik López,ATL,2023,ST,28,0.01,0,-0.01,-0.02,-0.05,-0.02,-0.09,-0.2892857143
Antony Curic,TOR,2023,FB,3,-0.01,0,0,0,0,0,-0.01,-0.3
Jamal Thiare,ATL,2023,ST,68,-0.17,0,0.04,-0.08,-0.01,-0.03,-0.25,-0.3308823529
Jordan Perruzza,TOR,2023,ST,144,-0.49,-0.02,-0.03,-0.13,0.07,0.04,-0.56,-0.35
Héctor Jiménez,ATX,2023,FB,55,-0.05,0.01,-0.18,0,0.01,-0.02,-0.22,-0.36
Aaron Bibout,LAG,2023,ST,33,0.01,-0.01,-0.01,-0.07,-0.04,-0.02,-0.14,-0.3818181818
Adam Pearlman,TOR,2023,CB,11,-0.06,0,0.01,-0.03,0.01,0,-0.08,-0.6545454545
Luis Flores,SKC,2023,W,8,-0.01,0,0,-0.03,-0.01,0,-0.06,-0.675
Mikael Marques,MIN,2023,W,14,-0.01,0,-0.32,0.01,-0.01,-0.01,-0.35,-2.25